empnumber,first,last,display,email,samaccountname,street,city,state,zip,country,phone,Company,Department
678119,Laylah,Mcclure,Laylah Mcclure,Laylah.Mcclure@contoso.com,678119,322 Grant Avenue,Martinsville,VA,24112,US,5551322852,Contoso,Account Management
856334,Brooks,Gomez,Brooks Gomez,Brooks.Gomez@contoso.com,856334,461 Orchard Street,Windsor Mill,MD,21244,US,5557887851,Contoso,Accounting
678622,Semaj,Allison,Semaj Allison,Semaj.Allison@contoso.com,678622,211 Sycamore Lane,Hanover Park,IL,60133,US,5559913952,Contoso,IT Support
960802,Lillianna,Ramsey,Lillianna Ramsey,Lillianna.Ramsey@contoso.com,960802,506 College Street,Flushing,NY,11354,US,5555899621,Contoso,Corporate Communications
523731,Ana,Haney,Ana Haney,Ana.Haney@contoso.com,523731,733 Church Street South,Revere,MA,2151,US,5553012815,Contoso,Research and Development
655532,Piper,Ochoa,Piper Ochoa,Piper.Ochoa@contoso.com,655532,994 Fairview Avenue,Lexington,NC,27292,US,5559361606,Contoso,Sales
139077,Ari,Stephenson,Ari Stephenson,Ari.Stephenson@contoso.com,139077,461 Orchard Street,Windsor Mill,MD,21244,US,5557567629,Contoso,Account Management
996370,Saige,Gordon,Saige Gordon,Saige.Gordon@contoso.com,996370,322 Grant Avenue,Martinsville,VA,24112,US,5551895214,Contoso,Recruitment
178957,Hope,Werner,Hope Werner,Hope.Werner@contoso.com,178957,733 Church Street South,Revere,MA,2151,US,5554279952,Contoso,Purchasing
541882,Ingrid,Casey,Ingrid Casey,Ingrid.Casey@contoso.com,541882,222 Bay Street,Lorain,OH,44052,US,5555594879,Contoso,Recruitment
739528,Bruno,Farmer,Bruno Farmer,Bruno.Farmer@contoso.com,739528,683 River Street,Opa Locka,FL,33054,US,5556817324,Contoso,Information Technology
356326,Elisha,Dickerson,Elisha Dickerson,Elisha.Dickerson@contoso.com,356326,722 Academy Street,Wilkes Barre,PA,18702,US,5555331438,Contoso,Account Management
805591,Lucille,Bishop,Lucille Bishop,Lucille.Bishop@contoso.com,805591,222 Bay Street,Lorain,OH,44052,US,5558260520,Contoso,Operations
892398,Baylee,Hogan,Baylee Hogan,Baylee.Hogan@contoso.com,892398,506 College Street,Flushing,NY,11354,US,5557092267,Contoso,Research and Development
838012,Jaylin,Blankenship,Jaylin Blankenship,Jaylin.Blankenship@contoso.com,838012,506 College Street,Flushing,NY,11354,US,5552515298,Contoso,Corporate Communications
220397,Eve,Raymond,Eve Raymond,Eve.Raymond@contoso.com,220397,653 Henry Street,Highland Park,IL,60035,US,5557507905,Contoso,Strategic Information Systems
971772,Maliyah,Rodgers,Maliyah Rodgers,Maliyah.Rodgers@contoso.com,971772,64 Circle Drive,New Britain,CT,6051,US,5558307427,Contoso,Payroll
875485,Tobias,Briggs,Tobias Briggs,Tobias.Briggs@contoso.com,875485,461 Orchard Street,Windsor Mill,MD,21244,US,5556788442,Contoso,Strategic Sourcing
369180,Darren,Mckinney,Darren Mckinney,Darren.Mckinney@contoso.com,369180,358 5th Street North,West Chester,PA,19380,US,5559088571,Contoso,Information Technology
610561,Gary,Browning,Gary Browning,Gary.Browning@contoso.com,610561,322 Grant Avenue,Martinsville,VA,24112,US,5556957622,Contoso,Telesales
692408,Urijah,Pennington,Urijah Pennington,Urijah.Pennington@contoso.com,692408,553 B Street,Freehold,NJ,7728,US,5558438280,Contoso,IT Support
420783,Isaias,Meadows,Isaias Meadows,Isaias.Meadows@contoso.com,420783,553 B Street,Freehold,NJ,7728,US,5554645266,Contoso,Research and Development
202218,Lexi,Reilly,Lexi Reilly,Lexi.Reilly@contoso.com,202218,358 5th Street North,West Chester,PA,19380,US,5552317152,Contoso,Marketing
378909,Isabella,Russell,Isabella Russell,Isabella.Russell@contoso.com,378909,653 Henry Street,Highland Park,IL,60035,US,5551591558,Contoso,Information Technology
598628,Brent,Flowers,Brent Flowers,Brent.Flowers@contoso.com,598628,683 River Street,Opa Locka,FL,33054,US,5559463661,Contoso,Human Resource
962554,Nayeli,Wall,Nayeli Wall,Nayeli.Wall@contoso.com,962554,381 Lake Avenue,Ankeny,IA,50023,US,5554075503,Contoso,Strategic Sourcing
261798,Ryleigh,Bowen,Ryleigh Bowen,Ryleigh.Bowen@contoso.com,261798,722 Academy Street,Wilkes Barre,PA,18702,US,5556315636,Contoso,Information Technology
553777,Cassandra,Dunlap,Cassandra Dunlap,Cassandra.Dunlap@contoso.com,553777,104 Canterbury Court,Pickerington,OH,43147,US,5558629593,Contoso,Strategic Sourcing
357453,Larry,Lane,Larry Lane,Larry.Lane@contoso.com,357453,722 Academy Street,Wilkes Barre,PA,18702,US,5559889875,Contoso,Strategic Sourcing
265173,Ella,Holder,Ella Holder,Ella.Holder@contoso.com,265173,222 Bay Street,Lorain,OH,44052,US,5557022713,Contoso,Strategic Marketing
397323,Anika,Lawrence,Anika Lawrence,Anika.Lawrence@contoso.com,397323,64 Circle Drive,New Britain,CT,6051,US,5557902408,Contoso,Data Entry
254303,Braydon,Cherry,Braydon Cherry,Braydon.Cherry@contoso.com,254303,859 Riverside Drive,Deland,FL,32720,US,5556424835,Contoso,Telesales
910539,Kaelyn,Morrison,Kaelyn Morrison,Kaelyn.Morrison@contoso.com,910539,506 College Street,Flushing,NY,11354,US,5552577585,Contoso,Recruitment
979660,Raul,Hancock,Raul Hancock,Raul.Hancock@contoso.com,979660,64 Circle Drive,New Britain,CT,6051,US,5556063472,Contoso,Sales
185436,Kate,Mendez,Kate Mendez,Kate.Mendez@contoso.com,185436,104 Canterbury Court,Pickerington,OH,43147,US,5559149527,Contoso,Information Technology
458436,Benjamin,Solomon,Benjamin Solomon,Benjamin.Solomon@contoso.com,458436,461 Orchard Street,Windsor Mill,MD,21244,US,5551798313,Contoso,Research and Development
437598,Brendon,Strong,Brendon Strong,Brendon.Strong@contoso.com,437598,553 B Street,Freehold,NJ,7728,US,5556886608,Contoso,Marketing
577862,Fatima,Weeks,Fatima Weeks,Fatima.Weeks@contoso.com,577862,683 River Street,Opa Locka,FL,33054,US,5559875996,Contoso,Research and Development
200709,Kaylee,Mcintyre,Kaylee Mcintyre,Kaylee.Mcintyre@contoso.com,200709,683 River Street,Opa Locka,FL,33054,US,5558001819,Contoso,Finance
736417,Holly,Rivera,Holly Rivera,Holly.Rivera@contoso.com,736417,211 Sycamore Lane,Hanover Park,IL,60133,US,5551902933,Contoso,Public Relations
441734,Daphne,Cole,Daphne Cole,Daphne.Cole@contoso.com,441734,683 River Street,Opa Locka,FL,33054,US,5559832105,Contoso,Information Technology
377922,Virginia,Lawson,Virginia Lawson,Virginia.Lawson@contoso.com,377922,34 Woodland Avenue,Henrico,VA,23228,US,5552689967,Contoso,Logistics
130812,Khloe,Castro,Khloe Castro,Khloe.Castro@contoso.com,130812,211 Sycamore Lane,Hanover Park,IL,60133,US,5557218554,Contoso,Sales
855803,Warren,Delgado,Warren Delgado,Warren.Delgado@contoso.com,855803,64 Circle Drive,New Britain,CT,6051,US,5559887385,Contoso,Account Management
891722,Allison,Dixon,Allison Dixon,Allison.Dixon@contoso.com,891722,222 Bay Street,Lorain,OH,44052,US,5555220009,Contoso,Recruitment
865398,Dashawn,Romero,Dashawn Romero,Dashawn.Romero@contoso.com,865398,683 River Street,Opa Locka,FL,33054,US,5552278378,Contoso,Data Entry
417634,Whitney,Collins,Whitney Collins,Whitney.Collins@contoso.com,417634,683 River Street,Opa Locka,FL,33054,US,5559707589,Contoso,Accounting
168521,Paxton,Sherman,Paxton Sherman,Paxton.Sherman@contoso.com,168521,34 Woodland Avenue,Henrico,VA,23228,US,5558263518,Contoso,Public Relations
396060,Angeline,Fox,Angeline Fox,Angeline.Fox@contoso.com,396060,994 Fairview Avenue,Lexington,NC,27292,US,5553741308,Contoso,Account Management
300853,Ray,Obrien,Ray Obrien,Ray.Obrien@contoso.com,300853,653 Henry Street,Highland Park,IL,60035,US,5552972843,Contoso,Research and Development
984972,Hudson,Madden,Hudson Madden,Hudson.Madden@contoso.com,984972,722 Academy Street,Wilkes Barre,PA,18702,US,5555586369,Contoso,Marketing
629829,Madalynn,Weaver,Madalynn Weaver,Madalynn.Weaver@contoso.com,629829,859 Riverside Drive,Deland,FL,32720,US,5555363302,Contoso,IT Support
516225,Shyanne,Dominguez,Shyanne Dominguez,Shyanne.Dominguez@contoso.com,516225,722 Academy Street,Wilkes Barre,PA,18702,US,5554241244,Contoso,IT Support
939690,Mylie,Parks,Mylie Parks,Mylie.Parks@contoso.com,939690,461 Orchard Street,Windsor Mill,MD,21244,US,5555381764,Contoso,Strategic Sourcing
736404,Ronald,Wiggins,Ronald Wiggins,Ronald.Wiggins@contoso.com,736404,104 Canterbury Court,Pickerington,OH,43147,US,5559689273,Contoso,Payroll
870672,Leslie,Matthews,Leslie Matthews,Leslie.Matthews@contoso.com,870672,553 B Street,Freehold,NJ,7728,US,5558478109,Contoso,Payroll
686443,Lucas,Shelton,Lucas Shelton,Lucas.Shelton@contoso.com,686443,733 Church Street South,Revere,MA,2151,US,5554176125,Contoso,Account Management
661590,Tripp,Jimenez,Tripp Jimenez,Tripp.Jimenez@contoso.com,661590,358 5th Street North,West Chester,PA,19380,US,5553034693,Contoso,Strategic Marketing
325058,Declan,Foster,Declan Foster,Declan.Foster@contoso.com,325058,553 B Street,Freehold,NJ,7728,US,5558044024,Contoso,Customer Service
991068,Maximus,Moyer,Maximus Moyer,Maximus.Moyer@contoso.com,991068,104 Canterbury Court,Pickerington,OH,43147,US,5559261090,Contoso,Marketing
875017,Eileen,Morse,Eileen Morse,Eileen.Morse@contoso.com,875017,501 Church Street North,Danville,VA,24540,US,5552855836,Contoso,Recruitment
728715,Slade,Schultz,Slade Schultz,Slade.Schultz@contoso.com,728715,994 Fairview Avenue,Lexington,NC,27292,US,5553823147,Contoso,Advertising Market Research
875904,Aaliyah,Poole,Aaliyah Poole,Aaliyah.Poole@contoso.com,875904,211 Sycamore Lane,Hanover Park,IL,60133,US,5558086759,Contoso,Account Management
633673,Todd,Aguilar,Todd Aguilar,Todd.Aguilar@contoso.com,633673,683 River Street,Opa Locka,FL,33054,US,5556906187,Contoso,Accounting
167852,Diana,Zhang,Diana Zhang,Diana.Zhang@contoso.com,167852,222 Bay Street,Lorain,OH,44052,US,5557674828,Contoso,Payroll
662913,Kyle,Ruiz,Kyle Ruiz,Kyle.Ruiz@contoso.com,662913,211 Sycamore Lane,Hanover Park,IL,60133,US,5552720739,Contoso,Information Technology
593753,Yasmin,Hampton,Yasmin Hampton,Yasmin.Hampton@contoso.com,593753,322 Grant Avenue,Martinsville,VA,24112,US,5558005630,Contoso,Marketing
261504,Marianna,Decker,Marianna Decker,Marianna.Decker@contoso.com,261504,501 Church Street North,Danville,VA,24540,US,5554152113,Contoso,Information Technology
117927,Valentino,Benton,Valentino Benton,Valentino.Benton@contoso.com,117927,553 B Street,Freehold,NJ,7728,US,5559004517,Contoso,Corporate Communications
377688,Luciano,Pruitt,Luciano Pruitt,Luciano.Pruitt@contoso.com,377688,859 Riverside Drive,Deland,FL,32720,US,5551693295,Contoso,Strategic Information Systems
510745,Hamza,Tate,Hamza Tate,Hamza.Tate@contoso.com,510745,104 Canterbury Court,Pickerington,OH,43147,US,5559215934,Contoso,Recruitment
830014,Taniya,Ritter,Taniya Ritter,Taniya.Ritter@contoso.com,830014,112 Front Street,San Lorenzo,CA,94580,US,5559960637,Contoso,Finance
377259,Brycen,Pitts,Brycen Pitts,Brycen.Pitts@contoso.com,377259,683 River Street,Opa Locka,FL,33054,US,5558262775,Contoso,Research and Development
711510,Trinity,Clayton,Trinity Clayton,Trinity.Clayton@contoso.com,711510,683 River Street,Opa Locka,FL,33054,US,5556295618,Contoso,Training
832550,Jamal,Quinn,Jamal Quinn,Jamal.Quinn@contoso.com,832550,358 5th Street North,West Chester,PA,19380,US,5551007728,Contoso,Human Resource
903916,Lea,Holt,Lea Holt,Lea.Holt@contoso.com,903916,501 Church Street North,Danville,VA,24540,US,5556056466,Contoso,Payroll
753327,Cortez,Young,Cortez Young,Cortez.Young@contoso.com,753327,64 Circle Drive,New Britain,CT,6051,US,5552867891,Contoso,Account Management
627032,Emiliano,Glass,Emiliano Glass,Emiliano.Glass@contoso.com,627032,506 College Street,Flushing,NY,11354,US,5552545680,Contoso,Operations
668252,Romeo,Duarte,Romeo Duarte,Romeo.Duarte@contoso.com,668252,64 Circle Drive,New Britain,CT,6051,US,5558465493,Contoso,Research and Development
954684,Gideon,Robbins,Gideon Robbins,Gideon.Robbins@contoso.com,954684,553 B Street,Freehold,NJ,7728,US,5554306309,Contoso,Data Entry
828909,Moriah,Garcia,Moriah Garcia,Moriah.Garcia@contoso.com,828909,859 Riverside Drive,Deland,FL,32720,US,5557172525,Contoso,Information Technology
381888,Ayden,Downs,Ayden Downs,Ayden.Downs@contoso.com,381888,859 Riverside Drive,Deland,FL,32720,US,5556790126,Contoso,Training
355570,Carter,Flynn,Carter Flynn,Carter.Flynn@contoso.com,355570,112 Front Street,San Lorenzo,CA,94580,US,5557829107,Contoso,Finance
939110,Brooke,Sanford,Brooke Sanford,Brooke.Sanford@contoso.com,939110,381 Lake Avenue,Ankeny,IA,50023,US,5556149018,Contoso,Marketing
743604,Jamari,Wagner,Jamari Wagner,Jamari.Wagner@contoso.com,743604,994 Fairview Avenue,Lexington,NC,27292,US,5556518495,Contoso,Training
745091,Odin,Riddle,Odin Riddle,Odin.Riddle@contoso.com,745091,211 Sycamore Lane,Hanover Park,IL,60133,US,5552372597,Contoso,Strategic Marketing
772365,Arielle,Compton,Arielle Compton,Arielle.Compton@contoso.com,772365,722 Academy Street,Wilkes Barre,PA,18702,US,5554540831,Contoso,Purchasing
714284,Kaitlin,David,Kaitlin David,Kaitlin.David@contoso.com,714284,653 Henry Street,Highland Park,IL,60035,US,5558533580,Contoso,Account Management
388576,Josie,Finley,Josie Finley,Josie.Finley@contoso.com,388576,683 River Street,Opa Locka,FL,33054,US,5555728562,Contoso,Finance
909288,Joy,Castaneda,Joy Castaneda,Joy.Castaneda@contoso.com,909288,501 Church Street North,Danville,VA,24540,US,5557592426,Contoso,Strategic Sourcing
229896,Miranda,Yu,Miranda Yu,Miranda.Yu@contoso.com,229896,501 Church Street North,Danville,VA,24540,US,5552162242,Contoso,Research and Development
832812,Korbin,Huber,Korbin Huber,Korbin.Huber@contoso.com,832812,501 Church Street North,Danville,VA,24540,US,5554676982,Contoso,Marketing
269872,Kasen,Green,Kasen Green,Kasen.Green@contoso.com,269872,381 Lake Avenue,Ankeny,IA,50023,US,5553021168,Contoso,Training
318510,Giuliana,Holmes,Giuliana Holmes,Giuliana.Holmes@contoso.com,318510,211 Sycamore Lane,Hanover Park,IL,60133,US,5557642845,Contoso,Payroll
396580,Aiyana,Rubio,Aiyana Rubio,Aiyana.Rubio@contoso.com,396580,506 College Street,Flushing,NY,11354,US,5557023284,Contoso,Human Resource
139717,Marc,Ponce,Marc Ponce,Marc.Ponce@contoso.com,139717,553 B Street,Freehold,NJ,7728,US,5554434875,Contoso,Strategic Information Systems
934582,Chad,Carney,Chad Carney,Chad.Carney@contoso.com,934582,64 Circle Drive,New Britain,CT,6051,US,5559921239,Contoso,Operations
517292,Macy,Dickson,Macy Dickson,Macy.Dickson@contoso.com,517292,653 Henry Street,Highland Park,IL,60035,US,5558330197,Contoso,Human Resource
694788,Adelyn,Drake,Adelyn Drake,Adelyn.Drake@contoso.com,694788,64 Circle Drive,New Britain,CT,6051,US,5555392748,Contoso,Human Resource
520323,Ashlee,Dodson,Ashlee Dodson,Ashlee.Dodson@contoso.com,520323,683 River Street,Opa Locka,FL,33054,US,5552465597,Contoso,Telesales
869028,Sherlyn,Bird,Sherlyn Bird,Sherlyn.Bird@contoso.com,869028,683 River Street,Opa Locka,FL,33054,US,5551818690,Contoso,Payroll
136092,Jayson,Brandt,Jayson Brandt,Jayson.Brandt@contoso.com,136092,381 Lake Avenue,Ankeny,IA,50023,US,5554701379,Contoso,Account Management
752460,Corey,Morton,Corey Morton,Corey.Morton@contoso.com,752460,34 Woodland Avenue,Henrico,VA,23228,US,5553454624,Contoso,Marketing
756378,Kolby,Leon,Kolby Leon,Kolby.Leon@contoso.com,756378,211 Sycamore Lane,Hanover Park,IL,60133,US,5553309589,Contoso,Corporate Communications
460375,Janessa,Berg,Janessa Berg,Janessa.Berg@contoso.com,460375,859 Riverside Drive,Deland,FL,32720,US,5553701563,Contoso,Customer Service
620687,Rhett,Little,Rhett Little,Rhett.Little@contoso.com,620687,358 5th Street North,West Chester,PA,19380,US,5556231218,Contoso,Purchasing
143055,Roy,Roberson,Roy Roberson,Roy.Roberson@contoso.com,143055,501 Church Street North,Danville,VA,24540,US,5554220756,Contoso,Sales
279972,Tania,Page,Tania Page,Tania.Page@contoso.com,279972,322 Grant Avenue,Martinsville,VA,24112,US,5558148309,Contoso,Training
554778,Lilah,Hoffman,Lilah Hoffman,Lilah.Hoffman@contoso.com,554778,683 River Street,Opa Locka,FL,33054,US,5557083697,Contoso,Advertising Market Research
178524,Kaley,Patel,Kaley Patel,Kaley.Patel@contoso.com,178524,722 Academy Street,Wilkes Barre,PA,18702,US,5554230028,Contoso,Telesales
983950,Christian,Byrd,Christian Byrd,Christian.Byrd@contoso.com,983950,506 College Street,Flushing,NY,11354,US,5557671136,Contoso,Account Management
199584,Ruth,Sexton,Ruth Sexton,Ruth.Sexton@contoso.com,199584,381 Lake Avenue,Ankeny,IA,50023,US,5553978306,Contoso,Human Resource
750816,Danny,Yang,Danny Yang,Danny.Yang@contoso.com,750816,859 Riverside Drive,Deland,FL,32720,US,5552764474,Contoso,Corporate Communications
764462,Bryson,Reese,Bryson Reese,Bryson.Reese@contoso.com,764462,722 Academy Street,Wilkes Barre,PA,18702,US,5556181601,Contoso,Telesales
926674,Raiden,Greene,Raiden Greene,Raiden.Greene@contoso.com,926674,506 College Street,Flushing,NY,11354,US,5557241580,Contoso,Information Technology
687794,Noe,Spencer,Noe Spencer,Noe.Spencer@contoso.com,687794,553 B Street,Freehold,NJ,7728,US,5555189842,Contoso,Operations
718468,Terry,Lynch,Terry Lynch,Terry.Lynch@contoso.com,718468,316 Clinton Street,Gallatin,TN,37066,US,5552292682,Contoso,Telesales
427506,Joey,Duke,Joey Duke,Joey.Duke@contoso.com,427506,553 B Street,Freehold,NJ,7728,US,5555012531,Contoso,Data Entry
428163,Spencer,Dunn,Spencer Dunn,Spencer.Dunn@contoso.com,428163,506 College Street,Flushing,NY,11354,US,5557327778,Contoso,Operations
375044,Eleanor,Woods,Eleanor Woods,Eleanor.Woods@contoso.com,375044,501 Church Street North,Danville,VA,24540,US,5555873807,Contoso,Research and Development
441634,Leticia,Douglas,Leticia Douglas,Leticia.Douglas@contoso.com,441634,506 College Street,Flushing,NY,11354,US,5556685508,Contoso,Strategic Sourcing
336717,Shania,Harrell,Shania Harrell,Shania.Harrell@contoso.com,336717,358 5th Street North,West Chester,PA,19380,US,5553635234,Contoso,Purchasing
548598,Casey,Sutton,Casey Sutton,Casey.Sutton@contoso.com,548598,653 Henry Street,Highland Park,IL,60035,US,5553079250,Contoso,Operations
990458,Konnor,Maynard,Konnor Maynard,Konnor.Maynard@contoso.com,990458,322 Grant Avenue,Martinsville,VA,24112,US,5553429291,Contoso,Data Entry
238236,Kamron,Hardin,Kamron Hardin,Kamron.Hardin@contoso.com,238236,64 Circle Drive,New Britain,CT,6051,US,5559276994,Contoso,Strategic Sourcing
450986,Ashley,Kline,Ashley Kline,Ashley.Kline@contoso.com,450986,553 B Street,Freehold,NJ,7728,US,5554288933,Contoso,Payroll
982400,Antoine,Fitzpatrick,Antoine Fitzpatrick,Antoine.Fitzpatrick@contoso.com,982400,322 Grant Avenue,Martinsville,VA,24112,US,5552359939,Contoso,Payroll
286919,Darien,Singleton,Darien Singleton,Darien.Singleton@contoso.com,286919,358 5th Street North,West Chester,PA,19380,US,5551077597,Contoso,Research and Development
918121,Shyla,Hubbard,Shyla Hubbard,Shyla.Hubbard@contoso.com,918121,104 Canterbury Court,Pickerington,OH,43147,US,5554018883,Contoso,Accounting
394762,Madison,Mcdaniel,Madison Mcdaniel,Madison.Mcdaniel@contoso.com,394762,316 Clinton Street,Gallatin,TN,37066,US,5554112509,Contoso,Sales
837107,Sienna,Hinton,Sienna Hinton,Sienna.Hinton@contoso.com,837107,358 5th Street North,West Chester,PA,19380,US,5559035100,Contoso,Marketing
696688,Tomas,Skinner,Tomas Skinner,Tomas.Skinner@contoso.com,696688,994 Fairview Avenue,Lexington,NC,27292,US,5557823897,Contoso,Logistics
518236,Julius,Adams,Julius Adams,Julius.Adams@contoso.com,518236,994 Fairview Avenue,Lexington,NC,27292,US,5558955336,Contoso,Telesales
579679,Matthias,Rosario,Matthias Rosario,Matthias.Rosario@contoso.com,579679,553 B Street,Freehold,NJ,7728,US,5558292396,Contoso,Accounting
192004,Marlie,Mullins,Marlie Mullins,Marlie.Mullins@contoso.com,192004,64 Circle Drive,New Britain,CT,6051,US,5554145972,Contoso,Training
782866,Gunner,Krause,Gunner Krause,Gunner.Krause@contoso.com,782866,316 Clinton Street,Gallatin,TN,37066,US,5557780560,Contoso,Purchasing
591657,Cheyanne,Gallegos,Cheyanne Gallegos,Cheyanne.Gallegos@contoso.com,591657,322 Grant Avenue,Martinsville,VA,24112,US,5559377454,Contoso,Account Management
921098,Dalia,Scott,Dalia Scott,Dalia.Scott@contoso.com,921098,683 River Street,Opa Locka,FL,33054,US,5559339568,Contoso,Information Technology
900249,Pamela,Yates,Pamela Yates,Pamela.Yates@contoso.com,900249,316 Clinton Street,Gallatin,TN,37066,US,5554500383,Contoso,Purchasing
471335,Keely,Lyons,Keely Lyons,Keely.Lyons@contoso.com,471335,501 Church Street North,Danville,VA,24540,US,5557003821,Contoso,Payroll
123796,Stacy,Friedman,Stacy Friedman,Stacy.Friedman@contoso.com,123796,994 Fairview Avenue,Lexington,NC,27292,US,5554563475,Contoso,Sales
179471,Jaiden,Bailey,Jaiden Bailey,Jaiden.Bailey@contoso.com,179471,461 Orchard Street,Windsor Mill,MD,21244,US,5559230834,Contoso,Accounting
477398,Destiny,Buckley,Destiny Buckley,Destiny.Buckley@contoso.com,477398,506 College Street,Flushing,NY,11354,US,5553365547,Contoso,Strategic Sourcing
288711,Michael,Navarro,Michael Navarro,Michael.Navarro@contoso.com,288711,722 Academy Street,Wilkes Barre,PA,18702,US,5551728868,Contoso,IT Support
447007,Erica,Roberts,Erica Roberts,Erica.Roberts@contoso.com,447007,501 Church Street North,Danville,VA,24540,US,5553388322,Contoso,Marketing
802473,Hannah,Moreno,Hannah Moreno,Hannah.Moreno@contoso.com,802473,733 Church Street South,Revere,MA,2151,US,5558546271,Contoso,Accounting
750831,Charlize,Archer,Charlize Archer,Charlize.Archer@contoso.com,750831,211 Sycamore Lane,Hanover Park,IL,60133,US,5554254222,Contoso,Logistics
988977,Landen,Brennan,Landen Brennan,Landen.Brennan@contoso.com,988977,222 Bay Street,Lorain,OH,44052,US,5554457018,Contoso,Telesales
408503,Giselle,Houston,Giselle Houston,Giselle.Houston@contoso.com,408503,506 College Street,Flushing,NY,11354,US,5557794909,Contoso,Marketing
673772,Davion,Francis,Davion Francis,Davion.Francis@contoso.com,673772,859 Riverside Drive,Deland,FL,32720,US,5557340308,Contoso,Data Entry
533159,Anaya,Bradford,Anaya Bradford,Anaya.Bradford@contoso.com,533159,34 Woodland Avenue,Henrico,VA,23228,US,5551696565,Contoso,Advertising Market Research
137373,Pranav,Leonard,Pranav Leonard,Pranav.Leonard@contoso.com,137373,112 Front Street,San Lorenzo,CA,94580,US,5553206109,Contoso,Corporate Communications
231801,Everett,Clark,Everett Clark,Everett.Clark@contoso.com,231801,316 Clinton Street,Gallatin,TN,37066,US,5551650548,Contoso,Recruitment
168855,Erika,Bradshaw,Erika Bradshaw,Erika.Bradshaw@contoso.com,168855,316 Clinton Street,Gallatin,TN,37066,US,5551716587,Contoso,Information Technology
527174,Angelica,James,Angelica James,Angelica.James@contoso.com,527174,322 Grant Avenue,Martinsville,VA,24112,US,5556416335,Contoso,Logistics
298197,Janelle,Combs,Janelle Combs,Janelle.Combs@contoso.com,298197,859 Riverside Drive,Deland,FL,32720,US,5554902762,Contoso,IT Support
193763,Giovanni,Perkins,Giovanni Perkins,Giovanni.Perkins@contoso.com,193763,112 Front Street,San Lorenzo,CA,94580,US,5559413440,Contoso,Logistics
239808,Winston,Brewer,Winston Brewer,Winston.Brewer@contoso.com,239808,222 Bay Street,Lorain,OH,44052,US,5555227585,Contoso,Strategic Marketing
722553,Jaslyn,Schmitt,Jaslyn Schmitt,Jaslyn.Schmitt@contoso.com,722553,211 Sycamore Lane,Hanover Park,IL,60133,US,5559115037,Contoso,Operations
999435,Karley,Hopkins,Karley Hopkins,Karley.Hopkins@contoso.com,999435,683 River Street,Opa Locka,FL,33054,US,5555098423,Contoso,Strategic Marketing
239546,Aiden,Gutierrez,Aiden Gutierrez,Aiden.Gutierrez@contoso.com,239546,64 Circle Drive,New Britain,CT,6051,US,5555720859,Contoso,Purchasing
535436,Nevaeh,Marshall,Nevaeh Marshall,Nevaeh.Marshall@contoso.com,535436,653 Henry Street,Highland Park,IL,60035,US,5557623794,Contoso,IT Support
696690,Allyson,Molina,Allyson Molina,Allyson.Molina@contoso.com,696690,553 B Street,Freehold,NJ,7728,US,5554682748,Contoso,Recruitment
706532,Ryan,Peck,Ryan Peck,Ryan.Peck@contoso.com,706532,34 Woodland Avenue,Henrico,VA,23228,US,5558361390,Contoso,Human Resource
823008,Janiya,Rowland,Janiya Rowland,Janiya.Rowland@contoso.com,823008,722 Academy Street,Wilkes Barre,PA,18702,US,5553877222,Contoso,Telesales
441321,Vaughn,Meyer,Vaughn Meyer,Vaughn.Meyer@contoso.com,441321,859 Riverside Drive,Deland,FL,32720,US,5553452994,Contoso,IT Support
601200,Mercedes,Diaz,Mercedes Diaz,Mercedes.Diaz@contoso.com,601200,112 Front Street,San Lorenzo,CA,94580,US,5553606806,Contoso,Customer Service
585976,Armani,Stevens,Armani Stevens,Armani.Stevens@contoso.com,585976,506 College Street,Flushing,NY,11354,US,5551957658,Contoso,Information Technology
414922,Elena,Ingram,Elena Ingram,Elena.Ingram@contoso.com,414922,381 Lake Avenue,Ankeny,IA,50023,US,5552117400,Contoso,Strategic Marketing
733049,Brett,Joyce,Brett Joyce,Brett.Joyce@contoso.com,733049,683 River Street,Opa Locka,FL,33054,US,5551534486,Contoso,Corporate Communications
962280,Ashlynn,Snow,Ashlynn Snow,Ashlynn.Snow@contoso.com,962280,381 Lake Avenue,Ankeny,IA,50023,US,5553910980,Contoso,Marketing
763992,Javon,Villa,Javon Villa,Javon.Villa@contoso.com,763992,316 Clinton Street,Gallatin,TN,37066,US,5559390873,Contoso,Training
776756,Anthony,Grant,Anthony Grant,Anthony.Grant@contoso.com,776756,322 Grant Avenue,Martinsville,VA,24112,US,5551844696,Contoso,Sales
262746,Alexandria,Maddox,Alexandria Maddox,Alexandria.Maddox@contoso.com,262746,222 Bay Street,Lorain,OH,44052,US,5559543308,Contoso,Operations
181622,Clarissa,Bass,Clarissa Bass,Clarissa.Bass@contoso.com,181622,222 Bay Street,Lorain,OH,44052,US,5557577105,Contoso,Marketing
745892,Marcel,Jacobson,Marcel Jacobson,Marcel.Jacobson@contoso.com,745892,211 Sycamore Lane,Hanover Park,IL,60133,US,5556692415,Contoso,Recruitment
824374,Ramiro,Chavez,Ramiro Chavez,Ramiro.Chavez@contoso.com,824374,381 Lake Avenue,Ankeny,IA,50023,US,5558688963,Contoso,Account Management
352880,Daniel,Nguyen,Daniel Nguyen,Daniel.Nguyen@contoso.com,352880,358 5th Street North,West Chester,PA,19380,US,5553559599,Contoso,Strategic Sourcing
552542,Alannah,Avila,Alannah Avila,Alannah.Avila@contoso.com,552542,501 Church Street North,Danville,VA,24540,US,5558465619,Contoso,Training
622901,Fernando,Hamilton,Fernando Hamilton,Fernando.Hamilton@contoso.com,622901,653 Henry Street,Highland Park,IL,60035,US,5551225348,Contoso,Logistics
515865,Dario,Rivers,Dario Rivers,Dario.Rivers@contoso.com,515865,322 Grant Avenue,Martinsville,VA,24112,US,5553091501,Contoso,Purchasing
628432,Nicole,Murray,Nicole Murray,Nicole.Murray@contoso.com,628432,222 Bay Street,Lorain,OH,44052,US,5553435711,Contoso,Strategic Information Systems
891913,Maxim,Colon,Maxim Colon,Maxim.Colon@contoso.com,891913,34 Woodland Avenue,Henrico,VA,23228,US,5556442769,Contoso,Human Resource
254881,Janae,Doyle,Janae Doyle,Janae.Doyle@contoso.com,254881,506 College Street,Flushing,NY,11354,US,5556954870,Contoso,Strategic Sourcing
631320,Savanah,Walters,Savanah Walters,Savanah.Walters@contoso.com,631320,316 Clinton Street,Gallatin,TN,37066,US,5556642307,Contoso,Finance
380076,Jaycee,Freeman,Jaycee Freeman,Jaycee.Freeman@contoso.com,380076,222 Bay Street,Lorain,OH,44052,US,5556245975,Contoso,Purchasing
528354,Ezra,Bates,Ezra Bates,Ezra.Bates@contoso.com,528354,112 Front Street,San Lorenzo,CA,94580,US,5551077682,Contoso,Information Technology
251751,Bradyn,Pittman,Bradyn Pittman,Bradyn.Pittman@contoso.com,251751,358 5th Street North,West Chester,PA,19380,US,5555897972,Contoso,Customer Service
480516,Alyvia,Montes,Alyvia Montes,Alyvia.Montes@contoso.com,480516,64 Circle Drive,New Britain,CT,6051,US,5552549559,Contoso,Payroll
298864,Lillian,Ayala,Lillian Ayala,Lillian.Ayala@contoso.com,298864,859 Riverside Drive,Deland,FL,32720,US,5551686161,Contoso,Customer Service
747667,Jazlene,Gibbs,Jazlene Gibbs,Jazlene.Gibbs@contoso.com,747667,461 Orchard Street,Windsor Mill,MD,21244,US,5554668990,Contoso,Finance
471447,Rosa,Haynes,Rosa Haynes,Rosa.Haynes@contoso.com,471447,733 Church Street South,Revere,MA,2151,US,5558519203,Contoso,Human Resource
940772,Damion,Brown,Damion Brown,Damion.Brown@contoso.com,940772,112 Front Street,San Lorenzo,CA,94580,US,5555432780,Contoso,Strategic Information Systems
577480,Henry,Donovan,Henry Donovan,Henry.Donovan@contoso.com,577480,34 Woodland Avenue,Henrico,VA,23228,US,5556022569,Contoso,Account Management
256485,Ellie,Harmon,Ellie Harmon,Ellie.Harmon@contoso.com,256485,64 Circle Drive,New Britain,CT,6051,US,5554173879,Contoso,Accounting
799745,Paige,Wolfe,Paige Wolfe,Paige.Wolfe@contoso.com,799745,461 Orchard Street,Windsor Mill,MD,21244,US,5559774796,Contoso,Public Relations
440959,Brogan,Brooks,Brogan Brooks,Brogan.Brooks@contoso.com,440959,104 Canterbury Court,Pickerington,OH,43147,US,5553783405,Contoso,Information Technology
908555,Owen,Shannon,Owen Shannon,Owen.Shannon@contoso.com,908555,506 College Street,Flushing,NY,11354,US,5551711370,Contoso,Telesales
430468,Marisol,Valenzuela,Marisol Valenzuela,Marisol.Valenzuela@contoso.com,430468,733 Church Street South,Revere,MA,2151,US,5555869506,Contoso,Sales
713569,Hayden,Wise,Hayden Wise,Hayden.Wise@contoso.com,713569,34 Woodland Avenue,Henrico,VA,23228,US,5553094068,Contoso,Research and Development
728309,Haylie,Humphrey,Haylie Humphrey,Haylie.Humphrey@contoso.com,728309,112 Front Street,San Lorenzo,CA,94580,US,5554191375,Contoso,Strategic Information Systems
988009,Roman,Jennings,Roman Jennings,Roman.Jennings@contoso.com,988009,553 B Street,Freehold,NJ,7728,US,5553380563,Contoso,Account Management
685039,Saul,Winters,Saul Winters,Saul.Winters@contoso.com,685039,316 Clinton Street,Gallatin,TN,37066,US,5558017448,Contoso,Account Management
483455,Phillip,Floyd,Phillip Floyd,Phillip.Floyd@contoso.com,483455,506 College Street,Flushing,NY,11354,US,5559399724,Contoso,IT Support
792925,Amina,Thompson,Amina Thompson,Amina.Thompson@contoso.com,792925,461 Orchard Street,Windsor Mill,MD,21244,US,5553992669,Contoso,Advertising Market Research
913262,Rhys,Mccann,Rhys Mccann,Rhys.Mccann@contoso.com,913262,358 5th Street North,West Chester,PA,19380,US,5557338165,Contoso,Strategic Marketing
943664,Jermaine,West,Jermaine West,Jermaine.West@contoso.com,943664,461 Orchard Street,Windsor Mill,MD,21244,US,5552836533,Contoso,Training
992904,Harrison,Stone,Harrison Stone,Harrison.Stone@contoso.com,992904,653 Henry Street,Highland Park,IL,60035,US,5553114783,Contoso,IT Support
895389,Antwan,Willis,Antwan Willis,Antwan.Willis@contoso.com,895389,64 Circle Drive,New Britain,CT,6051,US,5559895799,Contoso,Telesales
692609,Aliza,Carpenter,Aliza Carpenter,Aliza.Carpenter@contoso.com,692609,683 River Street,Opa Locka,FL,33054,US,5558894891,Contoso,Information Technology
461794,Jaylee,Fry,Jaylee Fry,Jaylee.Fry@contoso.com,461794,211 Sycamore Lane,Hanover Park,IL,60133,US,5551858811,Contoso,Marketing
515254,Ariel,Schneider,Ariel Schneider,Ariel.Schneider@contoso.com,515254,683 River Street,Opa Locka,FL,33054,US,5555409319,Contoso,Recruitment
279254,Mathias,Spears,Mathias Spears,Mathias.Spears@contoso.com,279254,211 Sycamore Lane,Hanover Park,IL,60133,US,5555261617,Contoso,Advertising Market Research
271740,Cailyn,Monroe,Cailyn Monroe,Cailyn.Monroe@contoso.com,271740,322 Grant Avenue,Martinsville,VA,24112,US,5558070235,Contoso,Customer Service
144729,Lamont,Preston,Lamont Preston,Lamont.Preston@contoso.com,144729,222 Bay Street,Lorain,OH,44052,US,5552953610,Contoso,Customer Service
207010,Nikolas,Dennis,Nikolas Dennis,Nikolas.Dennis@contoso.com,207010,34 Woodland Avenue,Henrico,VA,23228,US,5555017225,Contoso,Advertising Market Research
615949,Alani,Clarke,Alani Clarke,Alani.Clarke@contoso.com,615949,322 Grant Avenue,Martinsville,VA,24112,US,5553449102,Contoso,Public Relations
695641,Silas,Park,Silas Park,Silas.Park@contoso.com,695641,211 Sycamore Lane,Hanover Park,IL,60133,US,5553456192,Contoso,Recruitment
927274,Riley,Moss,Riley Moss,Riley.Moss@contoso.com,927274,994 Fairview Avenue,Lexington,NC,27292,US,5556389947,Contoso,Information Technology
559007,Kamari,Conway,Kamari Conway,Kamari.Conway@contoso.com,559007,722 Academy Street,Wilkes Barre,PA,18702,US,5559188070,Contoso,Training
485602,Damon,Cruz,Damon Cruz,Damon.Cruz@contoso.com,485602,316 Clinton Street,Gallatin,TN,37066,US,5553958160,Contoso,Public Relations
328167,Esperanza,Middleton,Esperanza Middleton,Esperanza.Middleton@contoso.com,328167,994 Fairview Avenue,Lexington,NC,27292,US,5557632653,Contoso,Advertising Market Research
706170,Elsa,Greer,Elsa Greer,Elsa.Greer@contoso.com,706170,381 Lake Avenue,Ankeny,IA,50023,US,5556686677,Contoso,Logistics
682307,Kayley,Hull,Kayley Hull,Kayley.Hull@contoso.com,682307,683 River Street,Opa Locka,FL,33054,US,5551055392,Contoso,Human Resource
668976,Jamya,Caldwell,Jamya Caldwell,Jamya.Caldwell@contoso.com,668976,859 Riverside Drive,Deland,FL,32720,US,5555390756,Contoso,Training
300341,London,Hays,London Hays,London.Hays@contoso.com,300341,683 River Street,Opa Locka,FL,33054,US,5559927339,Contoso,Corporate Communications
296588,Dante,Blair,Dante Blair,Dante.Blair@contoso.com,296588,653 Henry Street,Highland Park,IL,60035,US,5558440515,Contoso,Finance
777212,Joshua,Odonnell,Joshua Odonnell,Joshua.Odonnell@contoso.com,777212,461 Orchard Street,Windsor Mill,MD,21244,US,5556941473,Contoso,IT Support
474048,Cindy,Hood,Cindy Hood,Cindy.Hood@contoso.com,474048,34 Woodland Avenue,Henrico,VA,23228,US,5558507992,Contoso,Research and Development
294097,Tiana,Stanton,Tiana Stanton,Tiana.Stanton@contoso.com,294097,722 Academy Street,Wilkes Barre,PA,18702,US,5555645376,Contoso,Corporate Communications
814547,Lena,Stewart,Lena Stewart,Lena.Stewart@contoso.com,814547,506 College Street,Flushing,NY,11354,US,5558376568,Contoso,Strategic Information Systems
238763,Elijah,Gross,Elijah Gross,Elijah.Gross@contoso.com,238763,64 Circle Drive,New Britain,CT,6051,US,5556161132,Contoso,Operations
330687,Reginald,Deleon,Reginald Deleon,Reginald.Deleon@contoso.com,330687,501 Church Street North,Danville,VA,24540,US,5551931242,Contoso,Training
378315,Jada,Huff,Jada Huff,Jada.Huff@contoso.com,378315,64 Circle Drive,New Britain,CT,6051,US,5556051980,Contoso,Marketing
192709,Mariam,Mack,Mariam Mack,Mariam.Mack@contoso.com,192709,461 Orchard Street,Windsor Mill,MD,21244,US,5556334587,Contoso,Purchasing
539936,Asher,Huynh,Asher Huynh,Asher.Huynh@contoso.com,539936,994 Fairview Avenue,Lexington,NC,27292,US,5558236855,Contoso,Operations
636755,Serena,Oneal,Serena Oneal,Serena.Oneal@contoso.com,636755,222 Bay Street,Lorain,OH,44052,US,5552677316,Contoso,Strategic Marketing
720531,Kareem,Macdonald,Kareem Macdonald,Kareem.Macdonald@contoso.com,720531,653 Henry Street,Highland Park,IL,60035,US,5558373415,Contoso,Finance
813446,Colby,Mcclain,Colby Mcclain,Colby.Mcclain@contoso.com,813446,358 5th Street North,West Chester,PA,19380,US,5559718573,Contoso,Training
321246,Nico,Lowe,Nico Lowe,Nico.Lowe@contoso.com,321246,501 Church Street North,Danville,VA,24540,US,5553521762,Contoso,Strategic Marketing
743530,Muhammad,Cross,Muhammad Cross,Muhammad.Cross@contoso.com,743530,461 Orchard Street,Windsor Mill,MD,21244,US,5556151644,Contoso,Marketing
467293,Davon,Khan,Davon Khan,Davon.Khan@contoso.com,467293,64 Circle Drive,New Britain,CT,6051,US,5554840418,Contoso,Account Management
579734,Sadie,Riley,Sadie Riley,Sadie.Riley@contoso.com,579734,653 Henry Street,Highland Park,IL,60035,US,5559444001,Contoso,Training
814341,Samantha,Hess,Samantha Hess,Samantha.Hess@contoso.com,814341,316 Clinton Street,Gallatin,TN,37066,US,5552342527,Contoso,Advertising Market Research
355177,Karlie,Lozano,Karlie Lozano,Karlie.Lozano@contoso.com,355177,381 Lake Avenue,Ankeny,IA,50023,US,5556448723,Contoso,Information Technology
265209,Dalton,Vasquez,Dalton Vasquez,Dalton.Vasquez@contoso.com,265209,104 Canterbury Court,Pickerington,OH,43147,US,5553796769,Contoso,Strategic Information Systems
451985,Quinton,Bush,Quinton Bush,Quinton.Bush@contoso.com,451985,358 5th Street North,West Chester,PA,19380,US,5556305457,Contoso,Training
574626,Allen,Terry,Allen Terry,Allen.Terry@contoso.com,574626,34 Woodland Avenue,Henrico,VA,23228,US,5552816895,Contoso,Payroll
536818,Darius,Case,Darius Case,Darius.Case@contoso.com,536818,859 Riverside Drive,Deland,FL,32720,US,5553816391,Contoso,Telesales
265759,Cale,Esparza,Cale Esparza,Cale.Esparza@contoso.com,265759,859 Riverside Drive,Deland,FL,32720,US,5555611101,Contoso,Research and Development
734019,Lorelai,Lloyd,Lorelai Lloyd,Lorelai.Lloyd@contoso.com,734019,722 Academy Street,Wilkes Barre,PA,18702,US,5553184865,Contoso,IT Support
588957,Tristin,Palmer,Tristin Palmer,Tristin.Palmer@contoso.com,588957,722 Academy Street,Wilkes Barre,PA,18702,US,5552484058,Contoso,IT Support
474391,Madalyn,Dalton,Madalyn Dalton,Madalyn.Dalton@contoso.com,474391,211 Sycamore Lane,Hanover Park,IL,60133,US,5553156404,Contoso,Operations
574312,Barrett,Mckenzie,Barrett Mckenzie,Barrett.Mckenzie@contoso.com,574312,222 Bay Street,Lorain,OH,44052,US,5552485451,Contoso,Strategic Sourcing
372349,Alivia,Dean,Alivia Dean,Alivia.Dean@contoso.com,372349,64 Circle Drive,New Britain,CT,6051,US,5558263012,Contoso,Accounting
847478,Jayden,Marquez,Jayden Marquez,Jayden.Marquez@contoso.com,847478,104 Canterbury Court,Pickerington,OH,43147,US,5558496939,Contoso,Advertising Market Research
681676,Demetrius,Mcbride,Demetrius Mcbride,Demetrius.Mcbride@contoso.com,681676,112 Front Street,San Lorenzo,CA,94580,US,5551363394,Contoso,Finance
613661,Nadia,Griffin,Nadia Griffin,Nadia.Griffin@contoso.com,613661,683 River Street,Opa Locka,FL,33054,US,5551791101,Contoso,Advertising Market Research
623648,Kamila,Osborn,Kamila Osborn,Kamila.Osborn@contoso.com,623648,653 Henry Street,Highland Park,IL,60035,US,5557367907,Contoso,Recruitment
808018,Van,Jarvis,Van Jarvis,Van.Jarvis@contoso.com,808018,722 Academy Street,Wilkes Barre,PA,18702,US,5559666803,Contoso,Finance
288286,Jazlynn,Huang,Jazlynn Huang,Jazlynn.Huang@contoso.com,288286,381 Lake Avenue,Ankeny,IA,50023,US,5559758491,Contoso,Finance
406905,Jimmy,Kent,Jimmy Kent,Jimmy.Kent@contoso.com,406905,211 Sycamore Lane,Hanover Park,IL,60133,US,5556345046,Contoso,Customer Service
950687,Brennan,Ware,Brennan Ware,Brennan.Ware@contoso.com,950687,358 5th Street North,West Chester,PA,19380,US,5559254955,Contoso,Information Technology
974436,Houston,Carson,Houston Carson,Houston.Carson@contoso.com,974436,994 Fairview Avenue,Lexington,NC,27292,US,5557448391,Contoso,Advertising Market Research
949003,Lia,Le,Lia Le,Lia.Le@contoso.com,949003,506 College Street,Flushing,NY,11354,US,5556983226,Contoso,Information Technology
256796,Emanuel,Elliott,Emanuel Elliott,Emanuel.Elliott@contoso.com,256796,211 Sycamore Lane,Hanover Park,IL,60133,US,5557377209,Contoso,Data Entry
270421,Irene,Galvan,Irene Galvan,Irene.Galvan@contoso.com,270421,381 Lake Avenue,Ankeny,IA,50023,US,5558873542,Contoso,Training
166732,Ramon,Davis,Ramon Davis,Ramon.Davis@contoso.com,166732,733 Church Street South,Revere,MA,2151,US,5555333322,Contoso,IT Support
588731,Aileen,Gates,Aileen Gates,Aileen.Gates@contoso.com,588731,501 Church Street North,Danville,VA,24540,US,5554414858,Contoso,Research and Development
156523,Dayton,Valdez,Dayton Valdez,Dayton.Valdez@contoso.com,156523,222 Bay Street,Lorain,OH,44052,US,5552547652,Contoso,Strategic Marketing
980291,Tommy,Roman,Tommy Roman,Tommy.Roman@contoso.com,980291,994 Fairview Avenue,Lexington,NC,27292,US,5558276850,Contoso,Sales
230475,Alejandro,Gay,Alejandro Gay,Alejandro.Gay@contoso.com,230475,316 Clinton Street,Gallatin,TN,37066,US,5556187393,Contoso,Payroll
858939,Hunter,Daniels,Hunter Daniels,Hunter.Daniels@contoso.com,858939,859 Riverside Drive,Deland,FL,32720,US,5554049582,Contoso,Corporate Communications
631484,Aidyn,Cochran,Aidyn Cochran,Aidyn.Cochran@contoso.com,631484,683 River Street,Opa Locka,FL,33054,US,5551433840,Contoso,Strategic Marketing
635408,Matias,Beck,Matias Beck,Matias.Beck@contoso.com,635408,722 Academy Street,Wilkes Barre,PA,18702,US,5556312339,Contoso,Payroll
709074,Ahmed,Michael,Ahmed Michael,Ahmed.Michael@contoso.com,709074,683 River Street,Opa Locka,FL,33054,US,5551649319,Contoso,Sales
217382,Jaylon,Calderon,Jaylon Calderon,Jaylon.Calderon@contoso.com,217382,358 5th Street North,West Chester,PA,19380,US,5551919125,Contoso,Advertising Market Research
613274,Taylor,Grimes,Taylor Grimes,Taylor.Grimes@contoso.com,613274,733 Church Street South,Revere,MA,2151,US,5557868254,Contoso,Operations
857631,Kenyon,Chen,Kenyon Chen,Kenyon.Chen@contoso.com,857631,222 Bay Street,Lorain,OH,44052,US,5552995585,Contoso,Purchasing
309913,Juliette,Luna,Juliette Luna,Juliette.Luna@contoso.com,309913,683 River Street,Opa Locka,FL,33054,US,5557501165,Contoso,Purchasing
871000,Cora,Horton,Cora Horton,Cora.Horton@contoso.com,871000,461 Orchard Street,Windsor Mill,MD,21244,US,5559283788,Contoso,IT Support
742954,Erin,Kelly,Erin Kelly,Erin.Kelly@contoso.com,742954,683 River Street,Opa Locka,FL,33054,US,5559728562,Contoso,Payroll
925654,Shiloh,Cervantes,Shiloh Cervantes,Shiloh.Cervantes@contoso.com,925654,104 Canterbury Court,Pickerington,OH,43147,US,5557766895,Contoso,Research and Development
330582,Raven,Lucas,Raven Lucas,Raven.Lucas@contoso.com,330582,222 Bay Street,Lorain,OH,44052,US,5552907005,Contoso,Purchasing
723985,Daniella,Knapp,Daniella Knapp,Daniella.Knapp@contoso.com,723985,733 Church Street South,Revere,MA,2151,US,5552115839,Contoso,Strategic Marketing
239175,Manuel,Wong,Manuel Wong,Manuel.Wong@contoso.com,239175,722 Academy Street,Wilkes Barre,PA,18702,US,5555120467,Contoso,IT Support
139880,Jacqueline,Kim,Jacqueline Kim,Jacqueline.Kim@contoso.com,139880,64 Circle Drive,New Britain,CT,6051,US,5557541896,Contoso,Recruitment
652781,Stephany,Blevins,Stephany Blevins,Stephany.Blevins@contoso.com,652781,316 Clinton Street,Gallatin,TN,37066,US,5552448442,Contoso,Payroll
175961,Bridger,Manning,Bridger Manning,Bridger.Manning@contoso.com,175961,501 Church Street North,Danville,VA,24540,US,5557702077,Contoso,Operations
801424,Perla,Walton,Perla Walton,Perla.Walton@contoso.com,801424,316 Clinton Street,Gallatin,TN,37066,US,5553679785,Contoso,Strategic Marketing
151661,Tate,Riggs,Tate Riggs,Tate.Riggs@contoso.com,151661,683 River Street,Opa Locka,FL,33054,US,5554878605,Contoso,Strategic Marketing
221545,Evie,Klein,Evie Klein,Evie.Klein@contoso.com,221545,381 Lake Avenue,Ankeny,IA,50023,US,5557458509,Contoso,Human Resource
345242,Luciana,Barrera,Luciana Barrera,Luciana.Barrera@contoso.com,345242,358 5th Street North,West Chester,PA,19380,US,5553014350,Contoso,Information Technology
329638,Alessandro,Parsons,Alessandro Parsons,Alessandro.Parsons@contoso.com,329638,553 B Street,Freehold,NJ,7728,US,5555792770,Contoso,Purchasing
715794,Ryann,Vaughan,Ryann Vaughan,Ryann.Vaughan@contoso.com,715794,104 Canterbury Court,Pickerington,OH,43147,US,5555094521,Contoso,IT Support
261917,Kira,Higgins,Kira Higgins,Kira.Higgins@contoso.com,261917,553 B Street,Freehold,NJ,7728,US,5551342448,Contoso,Public Relations
576792,Titus,Mclean,Titus Mclean,Titus.Mclean@contoso.com,576792,316 Clinton Street,Gallatin,TN,37066,US,5551221547,Contoso,Customer Service
909823,Caleb,Velasquez,Caleb Velasquez,Caleb.Velasquez@contoso.com,909823,322 Grant Avenue,Martinsville,VA,24112,US,5558775946,Contoso,Logistics
432383,Antony,Walker,Antony Walker,Antony.Walker@contoso.com,432383,358 5th Street North,West Chester,PA,19380,US,5552366568,Contoso,Operations
671262,Johanna,Phillips,Johanna Phillips,Johanna.Phillips@contoso.com,671262,506 College Street,Flushing,NY,11354,US,5559222969,Contoso,Customer Service
769664,Bailey,Mcpherson,Bailey Mcpherson,Bailey.Mcpherson@contoso.com,769664,381 Lake Avenue,Ankeny,IA,50023,US,5554046370,Contoso,Telesales
558803,Lucia,Abbott,Lucia Abbott,Lucia.Abbott@contoso.com,558803,506 College Street,Flushing,NY,11354,US,5552890415,Contoso,Customer Service
801495,Amari,Lang,Amari Lang,Amari.Lang@contoso.com,801495,461 Orchard Street,Windsor Mill,MD,21244,US,5556388856,Contoso,Strategic Marketing
174489,Marco,Burnett,Marco Burnett,Marco.Burnett@contoso.com,174489,34 Woodland Avenue,Henrico,VA,23228,US,5552548046,Contoso,Telesales
409337,Ireland,Short,Ireland Short,Ireland.Short@contoso.com,409337,381 Lake Avenue,Ankeny,IA,50023,US,5551560100,Contoso,Corporate Communications
724400,Zion,Foley,Zion Foley,Zion.Foley@contoso.com,724400,316 Clinton Street,Gallatin,TN,37066,US,5557636319,Contoso,Marketing
983289,Nikolai,Mann,Nikolai Mann,Nikolai.Mann@contoso.com,983289,506 College Street,Flushing,NY,11354,US,5558636917,Contoso,IT Support
864972,Evan,Kirk,Evan Kirk,Evan.Kirk@contoso.com,864972,104 Canterbury Court,Pickerington,OH,43147,US,5555962354,Contoso,Finance
336198,Phoenix,Small,Phoenix Small,Phoenix.Small@contoso.com,336198,211 Sycamore Lane,Hanover Park,IL,60133,US,5556359266,Contoso,Information Technology
805606,Journey,Maldonado,Journey Maldonado,Journey.Maldonado@contoso.com,805606,683 River Street,Opa Locka,FL,33054,US,5553286492,Contoso,Payroll
947342,Kiersten,Alvarado,Kiersten Alvarado,Kiersten.Alvarado@contoso.com,947342,506 College Street,Flushing,NY,11354,US,5557945126,Contoso,IT Support
540765,Athena,Morris,Athena Morris,Athena.Morris@contoso.com,540765,211 Sycamore Lane,Hanover Park,IL,60133,US,5553130378,Contoso,Advertising Market Research
464512,Miley,Beasley,Miley Beasley,Miley.Beasley@contoso.com,464512,322 Grant Avenue,Martinsville,VA,24112,US,5557436324,Contoso,Research and Development
981933,Dayanara,Hart,Dayanara Hart,Dayanara.Hart@contoso.com,981933,104 Canterbury Court,Pickerington,OH,43147,US,5552514269,Contoso,Finance
644035,Annalise,Bullock,Annalise Bullock,Annalise.Bullock@contoso.com,644035,683 River Street,Opa Locka,FL,33054,US,5555384881,Contoso,Human Resource
974684,Valery,Payne,Valery Payne,Valery.Payne@contoso.com,974684,222 Bay Street,Lorain,OH,44052,US,5557982893,Contoso,Recruitment
783687,Jeffrey,Nolan,Jeffrey Nolan,Jeffrey.Nolan@contoso.com,783687,381 Lake Avenue,Ankeny,IA,50023,US,5556572529,Contoso,Finance
265079,Darryl,Roy,Darryl Roy,Darryl.Roy@contoso.com,265079,381 Lake Avenue,Ankeny,IA,50023,US,5557483368,Contoso,IT Support
751375,Isabel,Villanueva,Isabel Villanueva,Isabel.Villanueva@contoso.com,751375,683 River Street,Opa Locka,FL,33054,US,5554574576,Contoso,Corporate Communications
962611,Lindsay,Trujillo,Lindsay Trujillo,Lindsay.Trujillo@contoso.com,962611,506 College Street,Flushing,NY,11354,US,5552044303,Contoso,Recruitment
493476,Esther,Nunez,Esther Nunez,Esther.Nunez@contoso.com,493476,316 Clinton Street,Gallatin,TN,37066,US,5556795936,Contoso,Sales
963268,Leandro,Williamson,Leandro Williamson,Leandro.Williamson@contoso.com,963268,358 5th Street North,West Chester,PA,19380,US,5555725480,Contoso,Strategic Information Systems
875181,Jair,Lee,Jair Lee,Jair.Lee@contoso.com,875181,733 Church Street South,Revere,MA,2151,US,5558684071,Contoso,Strategic Sourcing
725412,Malcolm,Gregory,Malcolm Gregory,Malcolm.Gregory@contoso.com,725412,653 Henry Street,Highland Park,IL,60035,US,5552752823,Contoso,Sales
927691,Yaritza,Pineda,Yaritza Pineda,Yaritza.Pineda@contoso.com,927691,683 River Street,Opa Locka,FL,33054,US,5558361534,Contoso,Accounting
500101,Wesley,Ashley,Wesley Ashley,Wesley.Ashley@contoso.com,500101,316 Clinton Street,Gallatin,TN,37066,US,5555962314,Contoso,Sales
839262,Mario,Daugherty,Mario Daugherty,Mario.Daugherty@contoso.com,839262,358 5th Street North,West Chester,PA,19380,US,5559013708,Contoso,Recruitment
528224,Anabelle,Cain,Anabelle Cain,Anabelle.Cain@contoso.com,528224,461 Orchard Street,Windsor Mill,MD,21244,US,5559899714,Contoso,IT Support
406306,Grace,Lindsey,Grace Lindsey,Grace.Lindsey@contoso.com,406306,506 College Street,Flushing,NY,11354,US,5557280537,Contoso,Data Entry
443777,Addyson,Frederick,Addyson Frederick,Addyson.Frederick@contoso.com,443777,501 Church Street North,Danville,VA,24540,US,5556738812,Contoso,Training
675267,Krish,Mckee,Krish Mckee,Krish.Mckee@contoso.com,675267,506 College Street,Flushing,NY,11354,US,5551747451,Contoso,Strategic Information Systems
813502,Scarlet,Harrington,Scarlet Harrington,Scarlet.Harrington@contoso.com,813502,653 Henry Street,Highland Park,IL,60035,US,5551226072,Contoso,Finance
507084,Kolton,Howard,Kolton Howard,Kolton.Howard@contoso.com,507084,501 Church Street North,Danville,VA,24540,US,5556327900,Contoso,Corporate Communications
838547,Beckett,Murphy,Beckett Murphy,Beckett.Murphy@contoso.com,838547,733 Church Street South,Revere,MA,2151,US,5559029636,Contoso,Strategic Marketing
937705,Heaven,Shepherd,Heaven Shepherd,Heaven.Shepherd@contoso.com,937705,653 Henry Street,Highland Park,IL,60035,US,5559101193,Contoso,Operations
449357,Leonel,Morrow,Leonel Morrow,Leonel.Morrow@contoso.com,449357,553 B Street,Freehold,NJ,7728,US,5556629672,Contoso,Research and Development
767647,Keira,Lara,Keira Lara,Keira.Lara@contoso.com,767647,722 Academy Street,Wilkes Barre,PA,18702,US,5558461996,Contoso,Accounting
443047,Hallie,Hodges,Hallie Hodges,Hallie.Hodges@contoso.com,443047,381 Lake Avenue,Ankeny,IA,50023,US,5551632210,Contoso,Corporate Communications
733647,Enrique,Perry,Enrique Perry,Enrique.Perry@contoso.com,733647,683 River Street,Opa Locka,FL,33054,US,5559559950,Contoso,Strategic Sourcing
121727,Tamia,Bean,Tamia Bean,Tamia.Bean@contoso.com,121727,112 Front Street,San Lorenzo,CA,94580,US,5552236539,Contoso,Logistics
992775,Eliezer,Pollard,Eliezer Pollard,Eliezer.Pollard@contoso.com,992775,859 Riverside Drive,Deland,FL,32720,US,5554344209,Contoso,Accounting
640133,Jamison,Mcguire,Jamison Mcguire,Jamison.Mcguire@contoso.com,640133,34 Woodland Avenue,Henrico,VA,23228,US,5554534375,Contoso,Human Resource
436599,Xander,Frazier,Xander Frazier,Xander.Frazier@contoso.com,436599,501 Church Street North,Danville,VA,24540,US,5551943373,Contoso,Customer Service
889037,Clark,Carey,Clark Carey,Clark.Carey@contoso.com,889037,461 Orchard Street,Windsor Mill,MD,21244,US,5554536544,Contoso,Public Relations
274732,Jaron,Salas,Jaron Salas,Jaron.Salas@contoso.com,274732,381 Lake Avenue,Ankeny,IA,50023,US,5558737951,Contoso,Customer Service
790306,Ian,Hayden,Ian Hayden,Ian.Hayden@contoso.com,790306,859 Riverside Drive,Deland,FL,32720,US,5551332253,Contoso,Data Entry
429545,Diego,Chang,Diego Chang,Diego.Chang@contoso.com,429545,722 Academy Street,Wilkes Barre,PA,18702,US,5552587166,Contoso,Sales
425010,Yesenia,Benjamin,Yesenia Benjamin,Yesenia.Benjamin@contoso.com,425010,358 5th Street North,West Chester,PA,19380,US,5552401160,Contoso,Information Technology
577497,Bryant,Lowery,Bryant Lowery,Bryant.Lowery@contoso.com,577497,553 B Street,Freehold,NJ,7728,US,5553513681,Contoso,Human Resource
425844,Isaiah,Landry,Isaiah Landry,Isaiah.Landry@contoso.com,425844,34 Woodland Avenue,Henrico,VA,23228,US,5558069393,Contoso,Strategic Marketing
572506,Emery,Ross,Emery Ross,Emery.Ross@contoso.com,572506,104 Canterbury Court,Pickerington,OH,43147,US,5556900132,Contoso,Customer Service
226869,Ali,Aguirre,Ali Aguirre,Ali.Aguirre@contoso.com,226869,506 College Street,Flushing,NY,11354,US,5555010079,Contoso,Account Management
959671,Bridget,Myers,Bridget Myers,Bridget.Myers@contoso.com,959671,722 Academy Street,Wilkes Barre,PA,18702,US,5554759075,Contoso,Finance
663994,Madilyn,Owen,Madilyn Owen,Madilyn.Owen@contoso.com,663994,381 Lake Avenue,Ankeny,IA,50023,US,5557826517,Contoso,Purchasing
461524,Fletcher,Silva,Fletcher Silva,Fletcher.Silva@contoso.com,461524,34 Woodland Avenue,Henrico,VA,23228,US,5555906630,Contoso,Telesales
646544,Cecilia,King,Cecilia King,Cecilia.King@contoso.com,646544,64 Circle Drive,New Britain,CT,6051,US,5557770748,Contoso,Operations
667068,Angelique,Walls,Angelique Walls,Angelique.Walls@contoso.com,667068,211 Sycamore Lane,Hanover Park,IL,60133,US,5551280001,Contoso,Advertising Market Research
157895,Livia,Schwartz,Livia Schwartz,Livia.Schwartz@contoso.com,157895,358 5th Street North,West Chester,PA,19380,US,5553992543,Contoso,Strategic Marketing
709191,Maverick,Costa,Maverick Costa,Maverick.Costa@contoso.com,709191,104 Canterbury Court,Pickerington,OH,43147,US,5551863014,Contoso,Strategic Marketing
473420,Zayne,Woodward,Zayne Woodward,Zayne.Woodward@contoso.com,473420,381 Lake Avenue,Ankeny,IA,50023,US,5553639402,Contoso,Accounting
441191,Nathalia,Jordan,Nathalia Jordan,Nathalia.Jordan@contoso.com,441191,683 River Street,Opa Locka,FL,33054,US,5555062162,Contoso,Strategic Marketing
769724,Asa,Pearson,Asa Pearson,Asa.Pearson@contoso.com,769724,722 Academy Street,Wilkes Barre,PA,18702,US,5553028791,Contoso,Logistics
977442,Alondra,Erickson,Alondra Erickson,Alondra.Erickson@contoso.com,977442,381 Lake Avenue,Ankeny,IA,50023,US,5553268614,Contoso,Purchasing
232603,Gaige,Anthony,Gaige Anthony,Gaige.Anthony@contoso.com,232603,859 Riverside Drive,Deland,FL,32720,US,5556076559,Contoso,Advertising Market Research
426583,Payten,Duffy,Payten Duffy,Payten.Duffy@contoso.com,426583,211 Sycamore Lane,Hanover Park,IL,60133,US,5552816500,Contoso,Telesales
800514,Jazlyn,Hawkins,Jazlyn Hawkins,Jazlyn.Hawkins@contoso.com,800514,316 Clinton Street,Gallatin,TN,37066,US,5556949641,Contoso,Finance
125095,Trystan,Valentine,Trystan Valentine,Trystan.Valentine@contoso.com,125095,653 Henry Street,Highland Park,IL,60035,US,5558958942,Contoso,Training
491824,Carlee,Levine,Carlee Levine,Carlee.Levine@contoso.com,491824,322 Grant Avenue,Martinsville,VA,24112,US,5558819915,Contoso,Marketing
307428,Jose,Walsh,Jose Walsh,Jose.Walsh@contoso.com,307428,222 Bay Street,Lorain,OH,44052,US,5553370791,Contoso,Telesales
576847,Charlie,Chung,Charlie Chung,Charlie.Chung@contoso.com,576847,653 Henry Street,Highland Park,IL,60035,US,5558780282,Contoso,Data Entry
897667,Jessie,Paul,Jessie Paul,Jessie.Paul@contoso.com,897667,722 Academy Street,Wilkes Barre,PA,18702,US,5555374010,Contoso,Accounting
240814,Simeon,Jacobs,Simeon Jacobs,Simeon.Jacobs@contoso.com,240814,112 Front Street,San Lorenzo,CA,94580,US,5559559268,Contoso,Strategic Sourcing
746836,Jameson,Frank,Jameson Frank,Jameson.Frank@contoso.com,746836,316 Clinton Street,Gallatin,TN,37066,US,5554408584,Contoso,Human Resource
304360,Alicia,Russo,Alicia Russo,Alicia.Russo@contoso.com,304360,316 Clinton Street,Gallatin,TN,37066,US,5559286424,Contoso,Sales
683498,Jorden,Huffman,Jorden Huffman,Jorden.Huffman@contoso.com,683498,112 Front Street,San Lorenzo,CA,94580,US,5559656430,Contoso,Recruitment
207532,Lennon,Hendricks,Lennon Hendricks,Lennon.Hendricks@contoso.com,207532,461 Orchard Street,Windsor Mill,MD,21244,US,5557595938,Contoso,Payroll
366060,Kirsten,Richmond,Kirsten Richmond,Kirsten.Richmond@contoso.com,366060,222 Bay Street,Lorain,OH,44052,US,5553282941,Contoso,Finance
112571,Aedan,Stokes,Aedan Stokes,Aedan.Stokes@contoso.com,112571,653 Henry Street,Highland Park,IL,60035,US,5558349564,Contoso,Strategic Sourcing
961726,Abel,Pugh,Abel Pugh,Abel.Pugh@contoso.com,961726,64 Circle Drive,New Britain,CT,6051,US,5559511693,Contoso,Marketing
119597,Melody,Kaiser,Melody Kaiser,Melody.Kaiser@contoso.com,119597,461 Orchard Street,Windsor Mill,MD,21244,US,5553311416,Contoso,Strategic Marketing
415146,Rene,Ramirez,Rene Ramirez,Rene.Ramirez@contoso.com,415146,733 Church Street South,Revere,MA,2151,US,5557434502,Contoso,Human Resource
995415,Pedro,Church,Pedro Church,Pedro.Church@contoso.com,995415,34 Woodland Avenue,Henrico,VA,23228,US,5555343351,Contoso,Recruitment
214416,Genesis,Adkins,Genesis Adkins,Genesis.Adkins@contoso.com,214416,733 Church Street South,Revere,MA,2151,US,5554115485,Contoso,IT Support
938439,Lyric,Clay,Lyric Clay,Lyric.Clay@contoso.com,938439,112 Front Street,San Lorenzo,CA,94580,US,5555070608,Contoso,Data Entry
249136,Hadley,Huerta,Hadley Huerta,Hadley.Huerta@contoso.com,249136,994 Fairview Avenue,Lexington,NC,27292,US,5554284775,Contoso,Customer Service
684617,Thaddeus,Mayo,Thaddeus Mayo,Thaddeus.Mayo@contoso.com,684617,722 Academy Street,Wilkes Barre,PA,18702,US,5551190088,Contoso,Data Entry
285685,Allan,Benitez,Allan Benitez,Allan.Benitez@contoso.com,285685,506 College Street,Flushing,NY,11354,US,5555272314,Contoso,Operations
389891,Brooklynn,Bradley,Brooklynn Bradley,Brooklynn.Bradley@contoso.com,389891,381 Lake Avenue,Ankeny,IA,50023,US,5558974516,Contoso,Marketing
459823,Joyce,Martin,Joyce Martin,Joyce.Martin@contoso.com,459823,381 Lake Avenue,Ankeny,IA,50023,US,5555851645,Contoso,Sales
587140,Deborah,Wolf,Deborah Wolf,Deborah.Wolf@contoso.com,587140,322 Grant Avenue,Martinsville,VA,24112,US,5552054881,Contoso,Purchasing
517056,Alisa,Santos,Alisa Santos,Alisa.Santos@contoso.com,517056,501 Church Street North,Danville,VA,24540,US,5555330797,Contoso,Research and Development
557116,Layton,Everett,Layton Everett,Layton.Everett@contoso.com,557116,222 Bay Street,Lorain,OH,44052,US,5553989605,Contoso,Public Relations
529633,London,Nielsen,London Nielsen,London.Nielsen@contoso.com,529633,859 Riverside Drive,Deland,FL,32720,US,5551731134,Contoso,Sales
340512,Colten,Patton,Colten Patton,Colten.Patton@contoso.com,340512,553 B Street,Freehold,NJ,7728,US,5555674359,Contoso,Account Management
102825,Jazmine,Cabrera,Jazmine Cabrera,Jazmine.Cabrera@contoso.com,102825,211 Sycamore Lane,Hanover Park,IL,60133,US,5552771992,Contoso,Purchasing
230764,Jaidyn,Frye,Jaidyn Frye,Jaidyn.Frye@contoso.com,230764,859 Riverside Drive,Deland,FL,32720,US,5557659839,Contoso,Marketing
332467,Kailey,Horn,Kailey Horn,Kailey.Horn@contoso.com,332467,722 Academy Street,Wilkes Barre,PA,18702,US,5552578464,Contoso,Logistics
254870,Meadow,Petty,Meadow Petty,Meadow.Petty@contoso.com,254870,994 Fairview Avenue,Lexington,NC,27292,US,5551099518,Contoso,Human Resource
861851,Luz,Fritz,Luz Fritz,Luz.Fritz@contoso.com,861851,859 Riverside Drive,Deland,FL,32720,US,5553540948,Contoso,Account Management
476977,Ariel,Munoz,Ariel Munoz,Ariel.Munoz@contoso.com,476977,34 Woodland Avenue,Henrico,VA,23228,US,5557660774,Contoso,Logistics
843655,Carlie,Rhodes,Carlie Rhodes,Carlie.Rhodes@contoso.com,843655,358 5th Street North,West Chester,PA,19380,US,5555154850,Contoso,Strategic Marketing
458781,Micheal,Wells,Micheal Wells,Micheal.Wells@contoso.com,458781,34 Woodland Avenue,Henrico,VA,23228,US,5558188973,Contoso,Training
913506,Sara,Gould,Sara Gould,Sara.Gould@contoso.com,913506,64 Circle Drive,New Britain,CT,6051,US,5554783424,Contoso,Marketing
281224,Makena,Ferrell,Makena Ferrell,Makena.Ferrell@contoso.com,281224,316 Clinton Street,Gallatin,TN,37066,US,5559116255,Contoso,Research and Development
826264,Elisabeth,Nixon,Elisabeth Nixon,Elisabeth.Nixon@contoso.com,826264,358 5th Street North,West Chester,PA,19380,US,5554578215,Contoso,Operations
751756,Melina,Garrett,Melina Garrett,Melina.Garrett@contoso.com,751756,683 River Street,Opa Locka,FL,33054,US,5558368631,Contoso,Operations
300479,Lola,Mejia,Lola Mejia,Lola.Mejia@contoso.com,300479,112 Front Street,San Lorenzo,CA,94580,US,5556705797,Contoso,Strategic Information Systems
841993,Maia,Steele,Maia Steele,Maia.Steele@contoso.com,841993,381 Lake Avenue,Ankeny,IA,50023,US,5559403266,Contoso,Finance
235644,Dennis,Chambers,Dennis Chambers,Dennis.Chambers@contoso.com,235644,653 Henry Street,Highland Park,IL,60035,US,5555921165,Contoso,Logistics
501675,Reagan,Sanchez,Reagan Sanchez,Reagan.Sanchez@contoso.com,501675,222 Bay Street,Lorain,OH,44052,US,5559704748,Contoso,IT Support
586814,Cedric,Lewis,Cedric Lewis,Cedric.Lewis@contoso.com,586814,316 Clinton Street,Gallatin,TN,37066,US,5558368711,Contoso,Human Resource
925484,Jerome,Chandler,Jerome Chandler,Jerome.Chandler@contoso.com,925484,322 Grant Avenue,Martinsville,VA,24112,US,5554915563,Contoso,Human Resource
193295,Moshe,Barajas,Moshe Barajas,Moshe.Barajas@contoso.com,193295,112 Front Street,San Lorenzo,CA,94580,US,5555586792,Contoso,Telesales
275761,Jeremiah,Garrison,Jeremiah Garrison,Jeremiah.Garrison@contoso.com,275761,322 Grant Avenue,Martinsville,VA,24112,US,5556841077,Contoso,Research and Development
927008,Rolando,Pierce,Rolando Pierce,Rolando.Pierce@contoso.com,927008,506 College Street,Flushing,NY,11354,US,5551019850,Contoso,Public Relations
734206,Justice,Rowe,Justice Rowe,Justice.Rowe@contoso.com,734206,316 Clinton Street,Gallatin,TN,37066,US,5553463914,Contoso,Training
662624,Tanner,Zavala,Tanner Zavala,Tanner.Zavala@contoso.com,662624,358 5th Street North,West Chester,PA,19380,US,5558941050,Contoso,Research and Development
177016,Genevieve,Gamble,Genevieve Gamble,Genevieve.Gamble@contoso.com,177016,501 Church Street North,Danville,VA,24540,US,5552875048,Contoso,Strategic Marketing
698583,Zachery,Bartlett,Zachery Bartlett,Zachery.Bartlett@contoso.com,698583,64 Circle Drive,New Britain,CT,6051,US,5557068939,Contoso,Accounting
698197,Aden,Hanson,Aden Hanson,Aden.Hanson@contoso.com,698197,733 Church Street South,Revere,MA,2151,US,5558554836,Contoso,Public Relations
813628,Kaiden,Hodge,Kaiden Hodge,Kaiden.Hodge@contoso.com,813628,653 Henry Street,Highland Park,IL,60035,US,5553010115,Contoso,Data Entry
156826,Dana,Austin,Dana Austin,Dana.Austin@contoso.com,156826,994 Fairview Avenue,Lexington,NC,27292,US,5557216372,Contoso,Advertising Market Research
247998,Phoenix,Gill,Phoenix Gill,Phoenix.Gill@contoso.com,247998,653 Henry Street,Highland Park,IL,60035,US,5554482172,Contoso,Corporate Communications
167946,Jolie,Stevenson,Jolie Stevenson,Jolie.Stevenson@contoso.com,167946,653 Henry Street,Highland Park,IL,60035,US,5557886044,Contoso,Strategic Sourcing
563300,Ismael,Mccall,Ismael Mccall,Ismael.Mccall@contoso.com,563300,859 Riverside Drive,Deland,FL,32720,US,5553215342,Contoso,Strategic Information Systems
752387,Alfredo,Mcknight,Alfredo Mcknight,Alfredo.Mcknight@contoso.com,752387,112 Front Street,San Lorenzo,CA,94580,US,5554983880,Contoso,Account Management
941364,Alberto,Hoover,Alberto Hoover,Alberto.Hoover@contoso.com,941364,112 Front Street,San Lorenzo,CA,94580,US,5559180284,Contoso,Corporate Communications
798215,Cael,Bryant,Cael Bryant,Cael.Bryant@contoso.com,798215,722 Academy Street,Wilkes Barre,PA,18702,US,5556940016,Contoso,Recruitment
181427,Annika,Gray,Annika Gray,Annika.Gray@contoso.com,181427,733 Church Street South,Revere,MA,2151,US,5552834881,Contoso,Finance
464296,Aryana,Edwards,Aryana Edwards,Aryana.Edwards@contoso.com,464296,733 Church Street South,Revere,MA,2151,US,5552854115,Contoso,IT Support
923161,Efrain,Trevino,Efrain Trevino,Efrain.Trevino@contoso.com,923161,112 Front Street,San Lorenzo,CA,94580,US,5553051955,Contoso,Training
258394,Katelyn,Moon,Katelyn Moon,Katelyn.Moon@contoso.com,258394,316 Clinton Street,Gallatin,TN,37066,US,5551746042,Contoso,Marketing
490472,Emilia,Donaldson,Emilia Donaldson,Emilia.Donaldson@contoso.com,490472,112 Front Street,San Lorenzo,CA,94580,US,5554511503,Contoso,Strategic Sourcing
184874,Damaris,Crawford,Damaris Crawford,Damaris.Crawford@contoso.com,184874,112 Front Street,San Lorenzo,CA,94580,US,5553875350,Contoso,Sales
782748,Deven,Cobb,Deven Cobb,Deven.Cobb@contoso.com,782748,683 River Street,Opa Locka,FL,33054,US,5552141768,Contoso,Strategic Marketing
385392,Lizeth,Cummings,Lizeth Cummings,Lizeth.Cummings@contoso.com,385392,994 Fairview Avenue,Lexington,NC,27292,US,5552389111,Contoso,Purchasing
678538,Ivy,Larson,Ivy Larson,Ivy.Larson@contoso.com,678538,104 Canterbury Court,Pickerington,OH,43147,US,5553984693,Contoso,Public Relations
908525,Gia,Sullivan,Gia Sullivan,Gia.Sullivan@contoso.com,908525,381 Lake Avenue,Ankeny,IA,50023,US,5555138462,Contoso,Public Relations
178967,Collin,Cooke,Collin Cooke,Collin.Cooke@contoso.com,178967,358 5th Street North,West Chester,PA,19380,US,5553382344,Contoso,Operations
848505,Jared,Cunningham,Jared Cunningham,Jared.Cunningham@contoso.com,848505,501 Church Street North,Danville,VA,24540,US,5558646126,Contoso,Payroll
177349,Jerimiah,Wilkins,Jerimiah Wilkins,Jerimiah.Wilkins@contoso.com,177349,733 Church Street South,Revere,MA,2151,US,5552450439,Contoso,Corporate Communications
475769,Jensen,Mcgee,Jensen Mcgee,Jensen.Mcgee@contoso.com,475769,683 River Street,Opa Locka,FL,33054,US,5557829617,Contoso,Corporate Communications
185758,Kamren,Summers,Kamren Summers,Kamren.Summers@contoso.com,185758,994 Fairview Avenue,Lexington,NC,27292,US,5559873589,Contoso,Telesales
172053,Darrell,Buchanan,Darrell Buchanan,Darrell.Buchanan@contoso.com,172053,994 Fairview Avenue,Lexington,NC,27292,US,5553895561,Contoso,Recruitment
650679,Kameron,Leach,Kameron Leach,Kameron.Leach@contoso.com,650679,222 Bay Street,Lorain,OH,44052,US,5553203781,Contoso,Data Entry
574455,Quinten,Mathis,Quinten Mathis,Quinten.Mathis@contoso.com,574455,722 Academy Street,Wilkes Barre,PA,18702,US,5557776969,Contoso,Strategic Information Systems
228543,Kyra,Wilkerson,Kyra Wilkerson,Kyra.Wilkerson@contoso.com,228543,722 Academy Street,Wilkes Barre,PA,18702,US,5555522773,Contoso,Strategic Sourcing
483934,Alexzander,Randolph,Alexzander Randolph,Alexzander.Randolph@contoso.com,483934,381 Lake Avenue,Ankeny,IA,50023,US,5559430183,Contoso,Finance
377328,Jaden,Miller,Jaden Miller,Jaden.Miller@contoso.com,377328,104 Canterbury Court,Pickerington,OH,43147,US,5558359265,Contoso,Marketing
886667,Mariela,Ortiz,Mariela Ortiz,Mariela.Ortiz@contoso.com,886667,722 Academy Street,Wilkes Barre,PA,18702,US,5554525628,Contoso,Strategic Sourcing
184481,Toby,Ford,Toby Ford,Toby.Ford@contoso.com,184481,506 College Street,Flushing,NY,11354,US,5554668611,Contoso,Data Entry
463824,Keagan,Fischer,Keagan Fischer,Keagan.Fischer@contoso.com,463824,653 Henry Street,Highland Park,IL,60035,US,5556747333,Contoso,Operations
283787,Felicity,Mays,Felicity Mays,Felicity.Mays@contoso.com,283787,34 Woodland Avenue,Henrico,VA,23228,US,5551099862,Contoso,Human Resource
104190,Bria,Jensen,Bria Jensen,Bria.Jensen@contoso.com,104190,358 5th Street North,West Chester,PA,19380,US,5554429662,Contoso,Advertising Market Research
633238,Lily,Rodriguez,Lily Rodriguez,Lily.Rodriguez@contoso.com,633238,859 Riverside Drive,Deland,FL,32720,US,5554000622,Contoso,Human Resource
813082,Malik,Thomas,Malik Thomas,Malik.Thomas@contoso.com,813082,34 Woodland Avenue,Henrico,VA,23228,US,5559084477,Contoso,Operations
635659,Haley,Mcmillan,Haley Mcmillan,Haley.Mcmillan@contoso.com,635659,506 College Street,Flushing,NY,11354,US,5559929954,Contoso,Operations
208325,Lilian,Fitzgerald,Lilian Fitzgerald,Lilian.Fitzgerald@contoso.com,208325,553 B Street,Freehold,NJ,7728,US,5559341726,Contoso,Advertising Market Research
622457,Diya,Whitehead,Diya Whitehead,Diya.Whitehead@contoso.com,622457,358 5th Street North,West Chester,PA,19380,US,5555928326,Contoso,Human Resource
181795,Zachariah,Burke,Zachariah Burke,Zachariah.Burke@contoso.com,181795,994 Fairview Avenue,Lexington,NC,27292,US,5552660544,Contoso,Advertising Market Research
784147,Tyrone,Chaney,Tyrone Chaney,Tyrone.Chaney@contoso.com,784147,322 Grant Avenue,Martinsville,VA,24112,US,5559203451,Contoso,Accounting
277244,Tyson,Love,Tyson Love,Tyson.Love@contoso.com,277244,322 Grant Avenue,Martinsville,VA,24112,US,5559573732,Contoso,Purchasing
396430,Braedon,Clements,Braedon Clements,Braedon.Clements@contoso.com,396430,501 Church Street North,Danville,VA,24540,US,5555742966,Contoso,Research and Development
483414,Lauren,Tran,Lauren Tran,Lauren.Tran@contoso.com,483414,222 Bay Street,Lorain,OH,44052,US,5551079910,Contoso,Sales
996993,Devon,Shah,Devon Shah,Devon.Shah@contoso.com,996993,64 Circle Drive,New Britain,CT,6051,US,5554115047,Contoso,Data Entry
361511,Kali,Tanner,Kali Tanner,Kali.Tanner@contoso.com,361511,506 College Street,Flushing,NY,11354,US,5557908694,Contoso,Strategic Information Systems
850097,Josephine,Shields,Josephine Shields,Josephine.Shields@contoso.com,850097,722 Academy Street,Wilkes Barre,PA,18702,US,5556403002,Contoso,Data Entry
561464,Raphael,Noble,Raphael Noble,Raphael.Noble@contoso.com,561464,381 Lake Avenue,Ankeny,IA,50023,US,5553560942,Contoso,Purchasing
456411,Megan,Lam,Megan Lam,Megan.Lam@contoso.com,456411,733 Church Street South,Revere,MA,2151,US,5552225337,Contoso,Sales
864444,Haiden,Todd,Haiden Todd,Haiden.Todd@contoso.com,864444,222 Bay Street,Lorain,OH,44052,US,5553029136,Contoso,Research and Development
217339,Mariah,Strickland,Mariah Strickland,Mariah.Strickland@contoso.com,217339,506 College Street,Flushing,NY,11354,US,5558885868,Contoso,Sales
694619,Kassidy,Suarez,Kassidy Suarez,Kassidy.Suarez@contoso.com,694619,34 Woodland Avenue,Henrico,VA,23228,US,5558311338,Contoso,Data Entry
154287,Kenna,Mooney,Kenna Mooney,Kenna.Mooney@contoso.com,154287,358 5th Street North,West Chester,PA,19380,US,5553414122,Contoso,Marketing
319174,Enzo,Baldwin,Enzo Baldwin,Enzo.Baldwin@contoso.com,319174,104 Canterbury Court,Pickerington,OH,43147,US,5552266297,Contoso,Strategic Information Systems
452608,Javion,Valencia,Javion Valencia,Javion.Valencia@contoso.com,452608,381 Lake Avenue,Ankeny,IA,50023,US,5559736439,Contoso,Information Technology
577140,Kelsie,Lester,Kelsie Lester,Kelsie.Lester@contoso.com,577140,358 5th Street North,West Chester,PA,19380,US,5558130408,Contoso,Accounting
195282,Augustus,Bowers,Augustus Bowers,Augustus.Bowers@contoso.com,195282,211 Sycamore Lane,Hanover Park,IL,60133,US,5557665188,Contoso,Logistics
314825,Jadyn,Shaw,Jadyn Shaw,Jadyn.Shaw@contoso.com,314825,653 Henry Street,Highland Park,IL,60035,US,5557681511,Contoso,Recruitment
952585,Troy,Webster,Troy Webster,Troy.Webster@contoso.com,952585,461 Orchard Street,Windsor Mill,MD,21244,US,5553935595,Contoso,Advertising Market Research
733859,Draven,Oliver,Draven Oliver,Draven.Oliver@contoso.com,733859,553 B Street,Freehold,NJ,7728,US,5558227134,Contoso,Corporate Communications
545057,Lamar,Harding,Lamar Harding,Lamar.Harding@contoso.com,545057,34 Woodland Avenue,Henrico,VA,23228,US,5558347037,Contoso,Sales
307177,Angelo,Arellano,Angelo Arellano,Angelo.Arellano@contoso.com,307177,358 5th Street North,West Chester,PA,19380,US,5552061510,Contoso,Logistics
285634,Hugh,Tucker,Hugh Tucker,Hugh.Tucker@contoso.com,285634,112 Front Street,San Lorenzo,CA,94580,US,5553754362,Contoso,Advertising Market Research
800938,Logan,Day,Logan Day,Logan.Day@contoso.com,800938,112 Front Street,San Lorenzo,CA,94580,US,5553456367,Contoso,Information Technology
389398,Dania,Proctor,Dania Proctor,Dania.Proctor@contoso.com,389398,322 Grant Avenue,Martinsville,VA,24112,US,5557609620,Contoso,Advertising Market Research
470838,Ean,Andrews,Ean Andrews,Ean.Andrews@contoso.com,470838,506 College Street,Flushing,NY,11354,US,5551613436,Contoso,Telesales
582455,Myah,Stephens,Myah Stephens,Myah.Stephens@contoso.com,582455,104 Canterbury Court,Pickerington,OH,43147,US,5556046883,Contoso,Sales
499059,Mayra,Terrell,Mayra Terrell,Mayra.Terrell@contoso.com,499059,211 Sycamore Lane,Hanover Park,IL,60133,US,5559023139,Contoso,Operations
