empnumber,first,last,display,email,samaccountname,street,city,state,zip,country,phone,Company
303499,Ashly,Sweeney,Ashly Sweeney,Ashly.Sweeney@eu.contoso.com,303499,553 B Street,Freehold,NJ,7728,US,5558156576,ContosoEU
361821,Ximena,Farley,Ximena Farley,Ximena.Farley@eu.contoso.com,361821,222 Bay Street,Lorain,OH,44052,US,5552783919,ContosoEU
982449,Luke,Goodman,Luke Goodman,Luke.Goodman@eu.contoso.com,982449,316 Clinton Street,Gallatin,TN,37066,US,5554652388,ContosoEU
520617,Gregory,Boyd,Gregory Boyd,Gregory.Boyd@eu.contoso.com,520617,316 Clinton Street,Gallatin,TN,37066,US,5556020063,ContosoEU
249880,Princess,Li,Princess Li,Princess.Li@eu.contoso.com,249880,104 Canterbury Court,Pickerington,OH,43147,US,5551343307,ContosoEU
379711,Easton,Franklin,Easton Franklin,Easton.Franklin@eu.contoso.com,379711,64 Circle Drive,New Britain,CT,6051,US,5552401160,ContosoEU
784389,Deangelo,Bennett,Deangelo Bennett,Deangelo.Bennett@eu.contoso.com,784389,506 College Street,Flushing,NY,11354,US,5552199919,ContosoEU
416041,Maurice,Maxwell,Maurice Maxwell,Maurice.Maxwell@eu.contoso.com,416041,501 Church Street North,Danville,VA,24540,US,5554436963,ContosoEU
849769,Macey,Harris,Macey Harris,Macey.Harris@eu.contoso.com,849769,722 Academy Street,Wilkes Barre,PA,18702,US,5551825775,ContosoEU
620735,Nehemiah,Garza,Nehemiah Garza,Nehemiah.Garza@eu.contoso.com,620735,461 Orchard Street,Windsor Mill,MD,21244,US,5551477902,ContosoEU
664950,Billy,Contreras,Billy Contreras,Billy.Contreras@eu.contoso.com,664950,112 Front Street,San Lorenzo,CA,94580,US,5558829399,ContosoEU
168094,Messiah,Bright,Messiah Bright,Messiah.Bright@eu.contoso.com,168094,211 Sycamore Lane,Hanover Park,IL,60133,US,5558005502,ContosoEU
283596,Gael,Schroeder,Gael Schroeder,Gael.Schroeder@eu.contoso.com,283596,683 River Street,Opa Locka,FL,33054,US,5559833175,ContosoEU
639064,Nathan,Gentry,Nathan Gentry,Nathan.Gentry@eu.contoso.com,639064,64 Circle Drive,New Britain,CT,6051,US,5559754972,ContosoEU
772781,Jadon,Shaffer,Jadon Shaffer,Jadon.Shaffer@eu.contoso.com,772781,506 College Street,Flushing,NY,11354,US,5556144716,ContosoEU
297863,Makenna,Bolton,Makenna Bolton,Makenna.Bolton@eu.contoso.com,297863,381 Lake Avenue,Ankeny,IA,50023,US,5552385804,ContosoEU
286794,Julianne,Larsen,Julianne Larsen,Julianne.Larsen@eu.contoso.com,286794,553 B Street,Freehold,NJ,7728,US,5555009136,ContosoEU
927654,Natalee,Evans,Natalee Evans,Natalee.Evans@eu.contoso.com,927654,112 Front Street,San Lorenzo,CA,94580,US,5558994670,ContosoEU
538068,Yaretzi,Castillo,Yaretzi Castillo,Yaretzi.Castillo@eu.contoso.com,538068,211 Sycamore Lane,Hanover Park,IL,60133,US,5553215708,ContosoEU
972944,Madden,Black,Madden Black,Madden.Black@eu.contoso.com,972944,722 Academy Street,Wilkes Barre,PA,18702,US,5551415331,ContosoEU
874202,Kolten,Blanchard,Kolten Blanchard,Kolten.Blanchard@eu.contoso.com,874202,683 River Street,Opa Locka,FL,33054,US,5556572877,ContosoEU
139043,Amiya,Conley,Amiya Conley,Amiya.Conley@eu.contoso.com,139043,34 Woodland Avenue,Henrico,VA,23228,US,5551518724,ContosoEU
883617,Lillie,Mullen,Lillie Mullen,Lillie.Mullen@eu.contoso.com,883617,381 Lake Avenue,Ankeny,IA,50023,US,5558364784,ContosoEU
483610,Mya,Fletcher,Mya Fletcher,Mya.Fletcher@eu.contoso.com,483610,506 College Street,Flushing,NY,11354,US,5556352691,ContosoEU
708924,Lizbeth,Mcconnell,Lizbeth Mcconnell,Lizbeth.Mcconnell@eu.contoso.com,708924,104 Canterbury Court,Pickerington,OH,43147,US,5552596486,ContosoEU
339274,Izabella,Ayers,Izabella Ayers,Izabella.Ayers@eu.contoso.com,339274,733 Church Street South,Revere,MA,2151,US,5551514485,ContosoEU
860363,Nancy,Moran,Nancy Moran,Nancy.Moran@eu.contoso.com,860363,104 Canterbury Court,Pickerington,OH,43147,US,5559371311,ContosoEU
225836,Alanna,Faulkner,Alanna Faulkner,Alanna.Faulkner@eu.contoso.com,225836,733 Church Street South,Revere,MA,2151,US,5552443584,ContosoEU
905016,Tanya,Hansen,Tanya Hansen,Tanya.Hansen@eu.contoso.com,905016,733 Church Street South,Revere,MA,2151,US,5557114797,ContosoEU
360060,Averi,Newton,Averi Newton,Averi.Newton@eu.contoso.com,360060,461 Orchard Street,Windsor Mill,MD,21244,US,5554515270,ContosoEU
906187,Dominique,Chapman,Dominique Chapman,Dominique.Chapman@eu.contoso.com,906187,112 Front Street,San Lorenzo,CA,94580,US,5552159111,ContosoEU
144288,Amari,Hammond,Amari Hammond,Amari.Hammond@eu.contoso.com,144288,34 Woodland Avenue,Henrico,VA,23228,US,5552995430,ContosoEU
916323,Kayla,Krueger,Kayla Krueger,Kayla.Krueger@eu.contoso.com,916323,34 Woodland Avenue,Henrico,VA,23228,US,5558990790,ContosoEU
464126,Shawn,Cox,Shawn Cox,Shawn.Cox@eu.contoso.com,464126,994 Fairview Avenue,Lexington,NC,27292,US,5555951768,ContosoEU
835957,Zaire,Waters,Zaire Waters,Zaire.Waters@eu.contoso.com,835957,733 Church Street South,Revere,MA,2151,US,5559058534,ContosoEU
774961,Roger,Robertson,Roger Robertson,Roger.Robertson@eu.contoso.com,774961,653 Henry Street,Highland Park,IL,60035,US,5556559653,ContosoEU
733771,Chase,Blackwell,Chase Blackwell,Chase.Blackwell@eu.contoso.com,733771,553 B Street,Freehold,NJ,7728,US,5558660088,ContosoEU
886245,Charity,Ali,Charity Ali,Charity.Ali@eu.contoso.com,886245,64 Circle Drive,New Britain,CT,6051,US,5553395352,ContosoEU
863823,Nyasia,Bauer,Nyasia Bauer,Nyasia.Bauer@eu.contoso.com,863823,461 Orchard Street,Windsor Mill,MD,21244,US,5552562905,ContosoEU
344882,Areli,Flores,Areli Flores,Areli.Flores@eu.contoso.com,344882,64 Circle Drive,New Britain,CT,6051,US,5555471957,ContosoEU
583129,Dawson,Vang,Dawson Vang,Dawson.Vang@eu.contoso.com,583129,553 B Street,Freehold,NJ,7728,US,5556357294,ContosoEU
866231,Vanessa,Barr,Vanessa Barr,Vanessa.Barr@eu.contoso.com,866231,381 Lake Avenue,Ankeny,IA,50023,US,5555345856,ContosoEU
874812,Rhianna,Vazquez,Rhianna Vazquez,Rhianna.Vazquez@eu.contoso.com,874812,722 Academy Street,Wilkes Barre,PA,18702,US,5554233081,ContosoEU
880883,Roberto,Welch,Roberto Welch,Roberto.Welch@eu.contoso.com,880883,994 Fairview Avenue,Lexington,NC,27292,US,5553116389,ContosoEU
589876,Julien,Carroll,Julien Carroll,Julien.Carroll@eu.contoso.com,589876,222 Bay Street,Lorain,OH,44052,US,5556133540,ContosoEU
771335,Laila,Mcdonald,Laila Mcdonald,Laila.Mcdonald@eu.contoso.com,771335,653 Henry Street,Highland Park,IL,60035,US,5559873622,ContosoEU
636332,Jase,Hudson,Jase Hudson,Jase.Hudson@eu.contoso.com,636332,316 Clinton Street,Gallatin,TN,37066,US,5556030289,ContosoEU
971073,Belinda,Cameron,Belinda Cameron,Belinda.Cameron@eu.contoso.com,971073,722 Academy Street,Wilkes Barre,PA,18702,US,5553955228,ContosoEU
625379,Jennifer,Hunter,Jennifer Hunter,Jennifer.Hunter@eu.contoso.com,625379,322 Grant Avenue,Martinsville,VA,24112,US,5558688099,ContosoEU
477395,Bryan,Rangel,Bryan Rangel,Bryan.Rangel@eu.contoso.com,477395,501 Church Street North,Danville,VA,24540,US,5558222380,ContosoEU
519662,Camren,Serrano,Camren Serrano,Camren.Serrano@eu.contoso.com,519662,112 Front Street,San Lorenzo,CA,94580,US,5552616365,ContosoEU
820795,Samara,Blake,Samara Blake,Samara.Blake@eu.contoso.com,820795,222 Bay Street,Lorain,OH,44052,US,5554119676,ContosoEU
266086,Carsen,Barry,Carsen Barry,Carsen.Barry@eu.contoso.com,266086,994 Fairview Avenue,Lexington,NC,27292,US,5553967214,ContosoEU
254315,Kristin,Best,Kristin Best,Kristin.Best@eu.contoso.com,254315,222 Bay Street,Lorain,OH,44052,US,5551864894,ContosoEU
463315,Akira,Wang,Akira Wang,Akira.Wang@eu.contoso.com,463315,211 Sycamore Lane,Hanover Park,IL,60133,US,5551315065,ContosoEU
992513,Gerardo,Ray,Gerardo Ray,Gerardo.Ray@eu.contoso.com,992513,653 Henry Street,Highland Park,IL,60035,US,5558476284,ContosoEU
232292,Anderson,Glenn,Anderson Glenn,Anderson.Glenn@eu.contoso.com,232292,381 Lake Avenue,Ankeny,IA,50023,US,5558139631,ContosoEU
474248,Nathen,Jones,Nathen Jones,Nathen.Jones@eu.contoso.com,474248,358 5th Street North,West Chester,PA,19380,US,5557467718,ContosoEU
644053,Tony,Fuentes,Tony Fuentes,Tony.Fuentes@eu.contoso.com,644053,64 Circle Drive,New Britain,CT,6051,US,5553971231,ContosoEU
995098,Danna,Schaefer,Danna Schaefer,Danna.Schaefer@eu.contoso.com,995098,653 Henry Street,Highland Park,IL,60035,US,5555246943,ContosoEU
216874,Lina,Hurley,Lina Hurley,Lina.Hurley@eu.contoso.com,216874,381 Lake Avenue,Ankeny,IA,50023,US,5553233517,ContosoEU
977678,Hailee,Lutz,Hailee Lutz,Hailee.Lutz@eu.contoso.com,977678,104 Canterbury Court,Pickerington,OH,43147,US,5553542332,ContosoEU
905816,Ashtyn,Walter,Ashtyn Walter,Ashtyn.Walter@eu.contoso.com,905816,653 Henry Street,Highland Park,IL,60035,US,5558353994,ContosoEU
958493,Dillan,Garner,Dillan Garner,Dillan.Garner@eu.contoso.com,958493,501 Church Street North,Danville,VA,24540,US,5556276220,ContosoEU
835915,Jane,Estrada,Jane Estrada,Jane.Estrada@eu.contoso.com,835915,322 Grant Avenue,Martinsville,VA,24112,US,5552079292,ContosoEU
386045,Hana,Goodwin,Hana Goodwin,Hana.Goodwin@eu.contoso.com,386045,104 Canterbury Court,Pickerington,OH,43147,US,5553496265,ContosoEU
386656,Leo,Bowman,Leo Bowman,Leo.Bowman@eu.contoso.com,386656,653 Henry Street,Highland Park,IL,60035,US,5551838240,ContosoEU
509543,Zain,Reynolds,Zain Reynolds,Zain.Reynolds@eu.contoso.com,509543,322 Grant Avenue,Martinsville,VA,24112,US,5553328956,ContosoEU
607616,Leilani,Harrison,Leilani Harrison,Leilani.Harrison@eu.contoso.com,607616,211 Sycamore Lane,Hanover Park,IL,60133,US,5554202273,ContosoEU
962476,Patience,Underwood,Patience Underwood,Patience.Underwood@eu.contoso.com,962476,461 Orchard Street,Windsor Mill,MD,21244,US,5556478551,ContosoEU
793371,Lawrence,Ellison,Lawrence Ellison,Lawrence.Ellison@eu.contoso.com,793371,683 River Street,Opa Locka,FL,33054,US,5555619089,ContosoEU
529715,Tucker,Barnes,Tucker Barnes,Tucker.Barnes@eu.contoso.com,529715,553 B Street,Freehold,NJ,7728,US,5556070077,ContosoEU
241932,Dulce,Hester,Dulce Hester,Dulce.Hester@eu.contoso.com,241932,222 Bay Street,Lorain,OH,44052,US,5554680698,ContosoEU
467124,Jaqueline,Stark,Jaqueline Stark,Jaqueline.Stark@eu.contoso.com,467124,553 B Street,Freehold,NJ,7728,US,5554907783,ContosoEU
395977,Tyrell,Lambert,Tyrell Lambert,Tyrell.Lambert@eu.contoso.com,395977,381 Lake Avenue,Ankeny,IA,50023,US,5558364647,ContosoEU
404265,Delilah,Torres,Delilah Torres,Delilah.Torres@eu.contoso.com,404265,358 5th Street North,West Chester,PA,19380,US,5552975505,ContosoEU
977075,Maleah,Wyatt,Maleah Wyatt,Maleah.Wyatt@eu.contoso.com,977075,994 Fairview Avenue,Lexington,NC,27292,US,5558391524,ContosoEU
184676,Rylie,Atkins,Rylie Atkins,Rylie.Atkins@eu.contoso.com,184676,733 Church Street South,Revere,MA,2151,US,5555739411,ContosoEU
295003,Moses,Hendrix,Moses Hendrix,Moses.Hendrix@eu.contoso.com,295003,733 Church Street South,Revere,MA,2151,US,5557804956,ContosoEU
904467,Jax,Melendez,Jax Melendez,Jax.Melendez@eu.contoso.com,904467,358 5th Street North,West Chester,PA,19380,US,5552358586,ContosoEU
732903,Sandra,Guzman,Sandra Guzman,Sandra.Guzman@eu.contoso.com,732903,112 Front Street,San Lorenzo,CA,94580,US,5556129625,ContosoEU
430205,Aubrey,Sosa,Aubrey Sosa,Aubrey.Sosa@eu.contoso.com,430205,316 Clinton Street,Gallatin,TN,37066,US,5559337786,ContosoEU
538793,Alfred,Hall,Alfred Hall,Alfred.Hall@eu.contoso.com,538793,859 Riverside Drive,Deland,FL,32720,US,5555811526,ContosoEU
136573,Emilee,Barrett,Emilee Barrett,Emilee.Barrett@eu.contoso.com,136573,381 Lake Avenue,Ankeny,IA,50023,US,5555019087,ContosoEU
575657,Ishaan,Livingston,Ishaan Livingston,Ishaan.Livingston@eu.contoso.com,575657,64 Circle Drive,New Britain,CT,6051,US,5551061369,ContosoEU
696504,Hassan,Reed,Hassan Reed,Hassan.Reed@eu.contoso.com,696504,34 Woodland Avenue,Henrico,VA,23228,US,5555925476,ContosoEU
422376,Agustin,Bryan,Agustin Bryan,Agustin.Bryan@eu.contoso.com,422376,34 Woodland Avenue,Henrico,VA,23228,US,5559078789,ContosoEU
842513,Bronson,Burton,Bronson Burton,Bronson.Burton@eu.contoso.com,842513,733 Church Street South,Revere,MA,2151,US,5552268722,ContosoEU
987567,Ivan,Sloan,Ivan Sloan,Ivan.Sloan@eu.contoso.com,987567,316 Clinton Street,Gallatin,TN,37066,US,5557923595,ContosoEU
985293,Miles,Christensen,Miles Christensen,Miles.Christensen@eu.contoso.com,985293,322 Grant Avenue,Martinsville,VA,24112,US,5553384624,ContosoEU
863989,Angela,Hill,Angela Hill,Angela.Hill@eu.contoso.com,863989,553 B Street,Freehold,NJ,7728,US,5552163104,ContosoEU
205205,Cierra,Mayer,Cierra Mayer,Cierra.Mayer@eu.contoso.com,205205,222 Bay Street,Lorain,OH,44052,US,5555763308,ContosoEU
579241,Omar,Ramos,Omar Ramos,Omar.Ramos@eu.contoso.com,579241,461 Orchard Street,Windsor Mill,MD,21244,US,5558174266,ContosoEU
382034,Melissa,Cohen,Melissa Cohen,Melissa.Cohen@eu.contoso.com,382034,722 Academy Street,Wilkes Barre,PA,18702,US,5558554264,ContosoEU
454322,Elliot,Boyle,Elliot Boyle,Elliot.Boyle@eu.contoso.com,454322,64 Circle Drive,New Britain,CT,6051,US,5554130158,ContosoEU
479265,Demarcus,Hale,Demarcus Hale,Demarcus.Hale@eu.contoso.com,479265,381 Lake Avenue,Ankeny,IA,50023,US,5559389592,ContosoEU
200554,Adrienne,Davila,Adrienne Davila,Adrienne.Davila@eu.contoso.com,200554,722 Academy Street,Wilkes Barre,PA,18702,US,5556347091,ContosoEU
970897,Rashad,Hernandez,Rashad Hernandez,Rashad.Hernandez@eu.contoso.com,970897,104 Canterbury Court,Pickerington,OH,43147,US,5551097579,ContosoEU
155592,Aliya,Lamb,Aliya Lamb,Aliya.Lamb@eu.contoso.com,155592,733 Church Street South,Revere,MA,2151,US,5556662634,ContosoEU
759104,Adyson,Watkins,Adyson Watkins,Adyson.Watkins@eu.contoso.com,759104,994 Fairview Avenue,Lexington,NC,27292,US,5554273040,ContosoEU
268962,Zayden,Bell,Zayden Bell,Zayden.Bell@eu.contoso.com,268962,112 Front Street,San Lorenzo,CA,94580,US,5551057637,ContosoEU
660807,Camilla,Long,Camilla Long,Camilla.Long@eu.contoso.com,660807,34 Woodland Avenue,Henrico,VA,23228,US,5557481321,ContosoEU
324853,Kendal,Delacruz,Kendal Delacruz,Kendal.Delacruz@eu.contoso.com,324853,683 River Street,Opa Locka,FL,33054,US,5555163883,ContosoEU
276427,Meghan,Levy,Meghan Levy,Meghan.Levy@eu.contoso.com,276427,64 Circle Drive,New Britain,CT,6051,US,5552010353,ContosoEU
378113,Leila,Perez,Leila Perez,Leila.Perez@eu.contoso.com,378113,222 Bay Street,Lorain,OH,44052,US,5555519835,ContosoEU
311878,Quinn,Atkinson,Quinn Atkinson,Quinn.Atkinson@eu.contoso.com,311878,64 Circle Drive,New Britain,CT,6051,US,5559513690,ContosoEU
845974,Cali,Tyler,Cali Tyler,Cali.Tyler@eu.contoso.com,845974,34 Woodland Avenue,Henrico,VA,23228,US,5558144961,ContosoEU
852352,Zaiden,Howell,Zaiden Howell,Zaiden.Howell@eu.contoso.com,852352,653 Henry Street,Highland Park,IL,60035,US,5552242269,ContosoEU
534356,Noah,French,Noah French,Noah.French@eu.contoso.com,534356,222 Bay Street,Lorain,OH,44052,US,5555104615,ContosoEU
427623,Quintin,Rivas,Quintin Rivas,Quintin.Rivas@eu.contoso.com,427623,994 Fairview Avenue,Lexington,NC,27292,US,5558288457,ContosoEU
836752,Gretchen,Mata,Gretchen Mata,Gretchen.Mata@eu.contoso.com,836752,358 5th Street North,West Chester,PA,19380,US,5556316524,ContosoEU
409309,Ronin,Ballard,Ronin Ballard,Ronin.Ballard@eu.contoso.com,409309,461 Orchard Street,Windsor Mill,MD,21244,US,5559176315,ContosoEU
679347,Alana,Beard,Alana Beard,Alana.Beard@eu.contoso.com,679347,506 College Street,Flushing,NY,11354,US,5556522798,ContosoEU
193040,Jaeden,Fuller,Jaeden Fuller,Jaeden.Fuller@eu.contoso.com,193040,112 Front Street,San Lorenzo,CA,94580,US,5551825507,ContosoEU
833034,Wendy,Burns,Wendy Burns,Wendy.Burns@eu.contoso.com,833034,316 Clinton Street,Gallatin,TN,37066,US,5552773319,ContosoEU
946254,Aditya,Butler,Aditya Butler,Aditya.Butler@eu.contoso.com,946254,994 Fairview Avenue,Lexington,NC,27292,US,5557322411,ContosoEU
540643,William,Baird,William Baird,William.Baird@eu.contoso.com,540643,381 Lake Avenue,Ankeny,IA,50023,US,5555708484,ContosoEU
457067,Marissa,Crosby,Marissa Crosby,Marissa.Crosby@eu.contoso.com,457067,994 Fairview Avenue,Lexington,NC,27292,US,5554059317,ContosoEU
889878,Kaleigh,Simpson,Kaleigh Simpson,Kaleigh.Simpson@eu.contoso.com,889878,653 Henry Street,Highland Park,IL,60035,US,5556579735,ContosoEU
758749,Richard,Eaton,Richard Eaton,Richard.Eaton@eu.contoso.com,758749,722 Academy Street,Wilkes Barre,PA,18702,US,5556960283,ContosoEU
397849,Lance,Hutchinson,Lance Hutchinson,Lance.Hutchinson@eu.contoso.com,397849,859 Riverside Drive,Deland,FL,32720,US,5553347285,ContosoEU
407714,Briley,Sandoval,Briley Sandoval,Briley.Sandoval@eu.contoso.com,407714,461 Orchard Street,Windsor Mill,MD,21244,US,5555963357,ContosoEU
585773,Allie,Henry,Allie Henry,Allie.Henry@eu.contoso.com,585773,653 Henry Street,Highland Park,IL,60035,US,5558357611,ContosoEU
262632,Ronan,Branch,Ronan Branch,Ronan.Branch@eu.contoso.com,262632,112 Front Street,San Lorenzo,CA,94580,US,5553513774,ContosoEU
391469,Sarah,Gonzales,Sarah Gonzales,Sarah.Gonzales@eu.contoso.com,391469,553 B Street,Freehold,NJ,7728,US,5551940071,ContosoEU
721682,Lane,Powers,Lane Powers,Lane.Powers@eu.contoso.com,721682,316 Clinton Street,Gallatin,TN,37066,US,5554041247,ContosoEU
920734,Maya,Brady,Maya Brady,Maya.Brady@eu.contoso.com,920734,683 River Street,Opa Locka,FL,33054,US,5553287053,ContosoEU
365094,Yasmine,Mahoney,Yasmine Mahoney,Yasmine.Mahoney@eu.contoso.com,365094,316 Clinton Street,Gallatin,TN,37066,US,5551158981,ContosoEU
760114,Eva,Escobar,Eva Escobar,Eva.Escobar@eu.contoso.com,760114,112 Front Street,San Lorenzo,CA,94580,US,5559082649,ContosoEU
699584,Davin,Massey,Davin Massey,Davin.Massey@eu.contoso.com,699584,211 Sycamore Lane,Hanover Park,IL,60133,US,5553105852,ContosoEU
655141,Skyla,Savage,Skyla Savage,Skyla.Savage@eu.contoso.com,655141,994 Fairview Avenue,Lexington,NC,27292,US,5552023337,ContosoEU
705108,Kaden,Burch,Kaden Burch,Kaden.Burch@eu.contoso.com,705108,733 Church Street South,Revere,MA,2151,US,5556517098,ContosoEU
418363,Jovany,Miranda,Jovany Miranda,Jovany.Miranda@eu.contoso.com,418363,722 Academy Street,Wilkes Barre,PA,18702,US,5559049014,ContosoEU
824416,Dixie,Barnett,Dixie Barnett,Dixie.Barnett@eu.contoso.com,824416,358 5th Street North,West Chester,PA,19380,US,5554216740,ContosoEU
464321,Jackson,Cooley,Jackson Cooley,Jackson.Cooley@eu.contoso.com,464321,553 B Street,Freehold,NJ,7728,US,5553457831,ContosoEU
271897,Carson,House,Carson House,Carson.House@eu.contoso.com,271897,64 Circle Drive,New Britain,CT,6051,US,5552939185,ContosoEU
678566,Sharon,Baxter,Sharon Baxter,Sharon.Baxter@eu.contoso.com,678566,994 Fairview Avenue,Lexington,NC,27292,US,5557417962,ContosoEU
728098,Eduardo,Booker,Eduardo Booker,Eduardo.Booker@eu.contoso.com,728098,358 5th Street North,West Chester,PA,19380,US,5551431290,ContosoEU
692109,Reina,Vance,Reina Vance,Reina.Vance@eu.contoso.com,692109,222 Bay Street,Lorain,OH,44052,US,5558903890,ContosoEU
436926,Myles,Peterson,Myles Peterson,Myles.Peterson@eu.contoso.com,436926,112 Front Street,San Lorenzo,CA,94580,US,5558574836,ContosoEU
353229,Nolan,Solis,Nolan Solis,Nolan.Solis@eu.contoso.com,353229,733 Church Street South,Revere,MA,2151,US,5552155364,ContosoEU
912902,Valentina,Pope,Valentina Pope,Valentina.Pope@eu.contoso.com,912902,653 Henry Street,Highland Park,IL,60035,US,5552819193,ContosoEU
975830,Callum,Reeves,Callum Reeves,Callum.Reeves@eu.contoso.com,975830,683 River Street,Opa Locka,FL,33054,US,5552635783,ContosoEU
409501,Frederick,Rush,Frederick Rush,Frederick.Rush@eu.contoso.com,409501,653 Henry Street,Highland Park,IL,60035,US,5556765962,ContosoEU
240800,Weston,Ward,Weston Ward,Weston.Ward@eu.contoso.com,240800,683 River Street,Opa Locka,FL,33054,US,5555866373,ContosoEU
305571,Paulina,Figueroa,Paulina Figueroa,Paulina.Figueroa@eu.contoso.com,305571,461 Orchard Street,Windsor Mill,MD,21244,US,5557357517,ContosoEU
192487,Colt,Kane,Colt Kane,Colt.Kane@eu.contoso.com,192487,859 Riverside Drive,Deland,FL,32720,US,5556866816,ContosoEU
490090,Braeden,Sims,Braeden Sims,Braeden.Sims@eu.contoso.com,490090,381 Lake Avenue,Ankeny,IA,50023,US,5551551705,ContosoEU
824942,Kailyn,Wood,Kailyn Wood,Kailyn.Wood@eu.contoso.com,824942,104 Canterbury Court,Pickerington,OH,43147,US,5551985907,ContosoEU
728525,Carolina,Salazar,Carolina Salazar,Carolina.Salazar@eu.contoso.com,728525,322 Grant Avenue,Martinsville,VA,24112,US,5555425830,ContosoEU
708405,Amelie,Kramer,Amelie Kramer,Amelie.Kramer@eu.contoso.com,708405,211 Sycamore Lane,Hanover Park,IL,60133,US,5557278653,ContosoEU
572175,Autumn,Moody,Autumn Moody,Autumn.Moody@eu.contoso.com,572175,112 Front Street,San Lorenzo,CA,94580,US,5551877957,ContosoEU
687054,Colin,Schmidt,Colin Schmidt,Colin.Schmidt@eu.contoso.com,687054,461 Orchard Street,Windsor Mill,MD,21244,US,5553952238,ContosoEU
374904,Damian,Mcneil,Damian Mcneil,Damian.Mcneil@eu.contoso.com,374904,222 Bay Street,Lorain,OH,44052,US,5558722429,ContosoEU
848176,Jaydin,Koch,Jaydin Koch,Jaydin.Koch@eu.contoso.com,848176,112 Front Street,San Lorenzo,CA,94580,US,5557164158,ContosoEU
467930,Cohen,Zuniga,Cohen Zuniga,Cohen.Zuniga@eu.contoso.com,467930,358 5th Street North,West Chester,PA,19380,US,5556473054,ContosoEU
824363,Rodrigo,Arias,Rodrigo Arias,Rodrigo.Arias@eu.contoso.com,824363,211 Sycamore Lane,Hanover Park,IL,60133,US,5552196102,ContosoEU
303808,Jace,Liu,Jace Liu,Jace.Liu@eu.contoso.com,303808,358 5th Street North,West Chester,PA,19380,US,5557778299,ContosoEU
823600,Kelly,Potts,Kelly Potts,Kelly.Potts@eu.contoso.com,823600,104 Canterbury Court,Pickerington,OH,43147,US,5558844267,ContosoEU
324002,Juan,Berger,Juan Berger,Juan.Berger@eu.contoso.com,324002,211 Sycamore Lane,Hanover Park,IL,60133,US,5559905171,ContosoEU
183606,Dwayne,Johns,Dwayne Johns,Dwayne.Johns@eu.contoso.com,183606,358 5th Street North,West Chester,PA,19380,US,5555786873,ContosoEU
453417,Karen,Hughes,Karen Hughes,Karen.Hughes@eu.contoso.com,453417,722 Academy Street,Wilkes Barre,PA,18702,US,5552951093,ContosoEU
529452,Kenny,Hicks,Kenny Hicks,Kenny.Hicks@eu.contoso.com,529452,553 B Street,Freehold,NJ,7728,US,5556402465,ContosoEU
166049,Kingston,Jefferson,Kingston Jefferson,Kingston.Jefferson@eu.contoso.com,166049,733 Church Street South,Revere,MA,2151,US,5554050891,ContosoEU
320368,Jaden,Richardson,Jaden Richardson,Jaden.Richardson@eu.contoso.com,320368,859 Riverside Drive,Deland,FL,32720,US,5551559898,ContosoEU
660675,Frank,Craig,Frank Craig,Frank.Craig@eu.contoso.com,660675,112 Front Street,San Lorenzo,CA,94580,US,5553501768,ContosoEU
645962,Jaylin,Townsend,Jaylin Townsend,Jaylin.Townsend@eu.contoso.com,645962,322 Grant Avenue,Martinsville,VA,24112,US,5551131906,ContosoEU
979573,Nina,Stout,Nina Stout,Nina.Stout@eu.contoso.com,979573,994 Fairview Avenue,Lexington,NC,27292,US,5552576257,ContosoEU
491673,Sonny,Collier,Sonny Collier,Sonny.Collier@eu.contoso.com,491673,733 Church Street South,Revere,MA,2151,US,5556667373,ContosoEU
402443,Angel,Griffith,Angel Griffith,Angel.Griffith@eu.contoso.com,402443,64 Circle Drive,New Britain,CT,6051,US,5558823056,ContosoEU
151261,Lorelei,Kidd,Lorelei Kidd,Lorelei.Kidd@eu.contoso.com,151261,733 Church Street South,Revere,MA,2151,US,5556082357,ContosoEU
714409,Makai,Wright,Makai Wright,Makai.Wright@eu.contoso.com,714409,683 River Street,Opa Locka,FL,33054,US,5553378363,ContosoEU
616201,Desmond,Osborne,Desmond Osborne,Desmond.Osborne@eu.contoso.com,616201,859 Riverside Drive,Deland,FL,32720,US,5551015171,ContosoEU
306759,Jorge,Mclaughlin,Jorge Mclaughlin,Jorge.Mclaughlin@eu.contoso.com,306759,112 Front Street,San Lorenzo,CA,94580,US,5551798361,ContosoEU
298141,Gracelyn,Meyers,Gracelyn Meyers,Gracelyn.Meyers@eu.contoso.com,298141,722 Academy Street,Wilkes Barre,PA,18702,US,5551983351,ContosoEU
172669,Charlotte,Peters,Charlotte Peters,Charlotte.Peters@eu.contoso.com,172669,211 Sycamore Lane,Hanover Park,IL,60133,US,5559017798,ContosoEU
408169,Dangelo,Estes,Dangelo Estes,Dangelo.Estes@eu.contoso.com,408169,683 River Street,Opa Locka,FL,33054,US,5554414626,ContosoEU
640932,Nicholas,Rios,Nicholas Rios,Nicholas.Rios@eu.contoso.com,640932,381 Lake Avenue,Ankeny,IA,50023,US,5558232965,ContosoEU
405300,Elaina,Allen,Elaina Allen,Elaina.Allen@eu.contoso.com,405300,683 River Street,Opa Locka,FL,33054,US,5556332177,ContosoEU
225866,Abdiel,Conrad,Abdiel Conrad,Abdiel.Conrad@eu.contoso.com,225866,358 5th Street North,West Chester,PA,19380,US,5555712547,ContosoEU
111314,Jasmin,Whitney,Jasmin Whitney,Jasmin.Whitney@eu.contoso.com,111314,859 Riverside Drive,Deland,FL,32720,US,5557984543,ContosoEU
393775,Kiley,Bray,Kiley Bray,Kiley.Bray@eu.contoso.com,393775,358 5th Street North,West Chester,PA,19380,US,5558829413,ContosoEU
611941,Savanna,Snyder,Savanna Snyder,Savanna.Snyder@eu.contoso.com,611941,653 Henry Street,Highland Park,IL,60035,US,5555718295,ContosoEU
663560,Amani,Pham,Amani Pham,Amani.Pham@eu.contoso.com,663560,358 5th Street North,West Chester,PA,19380,US,5552006958,ContosoEU
505170,Ryder,Norris,Ryder Norris,Ryder.Norris@eu.contoso.com,505170,112 Front Street,San Lorenzo,CA,94580,US,5556143277,ContosoEU
947927,Beatrice,Duran,Beatrice Duran,Beatrice.Duran@eu.contoso.com,947927,112 Front Street,San Lorenzo,CA,94580,US,5554747381,ContosoEU
919639,Keyon,Pacheco,Keyon Pacheco,Keyon.Pacheco@eu.contoso.com,919639,506 College Street,Flushing,NY,11354,US,5551750506,ContosoEU
581628,Conner,Villarreal,Conner Villarreal,Conner.Villarreal@eu.contoso.com,581628,316 Clinton Street,Gallatin,TN,37066,US,5555973305,ContosoEU
147185,Nataly,Hahn,Nataly Hahn,Nataly.Hahn@eu.contoso.com,147185,64 Circle Drive,New Britain,CT,6051,US,5556252583,ContosoEU
305420,Elaine,Smith,Elaine Smith,Elaine.Smith@eu.contoso.com,305420,501 Church Street North,Danville,VA,24540,US,5551932988,ContosoEU
564239,Alena,Hartman,Alena Hartman,Alena.Hartman@eu.contoso.com,564239,358 5th Street North,West Chester,PA,19380,US,5552137201,ContosoEU
720987,Cadence,Pena,Cadence Pena,Cadence.Pena@eu.contoso.com,720987,653 Henry Street,Highland Park,IL,60035,US,5558229716,ContosoEU
286280,Stella,Velazquez,Stella Velazquez,Stella.Velazquez@eu.contoso.com,286280,501 Church Street North,Danville,VA,24540,US,5558992497,ContosoEU
431195,Zack,Tapia,Zack Tapia,Zack.Tapia@eu.contoso.com,431195,859 Riverside Drive,Deland,FL,32720,US,5555843304,ContosoEU
262483,Sergio,Shea,Sergio Shea,Sergio.Shea@eu.contoso.com,262483,653 Henry Street,Highland Park,IL,60035,US,5553302051,ContosoEU
908229,Aracely,Graves,Aracely Graves,Aracely.Graves@eu.contoso.com,908229,722 Academy Street,Wilkes Barre,PA,18702,US,5556744601,ContosoEU
252406,Shamar,Barker,Shamar Barker,Shamar.Barker@eu.contoso.com,252406,316 Clinton Street,Gallatin,TN,37066,US,5555292786,ContosoEU
180666,Zaria,Sampson,Zaria Sampson,Zaria.Sampson@eu.contoso.com,180666,104 Canterbury Court,Pickerington,OH,43147,US,5554942592,ContosoEU
562210,Kendall,Wu,Kendall Wu,Kendall.Wu@eu.contoso.com,562210,381 Lake Avenue,Ankeny,IA,50023,US,5559789912,ContosoEU
196924,Addisyn,Frost,Addisyn Frost,Addisyn.Frost@eu.contoso.com,196924,553 B Street,Freehold,NJ,7728,US,5559299886,ContosoEU
107087,Bennett,Mcgrath,Bennett Mcgrath,Bennett.Mcgrath@eu.contoso.com,107087,683 River Street,Opa Locka,FL,33054,US,5558576183,ContosoEU
481901,Neil,Johnston,Neil Johnston,Neil.Johnston@eu.contoso.com,481901,733 Church Street South,Revere,MA,2151,US,5558498489,ContosoEU
900158,Hugo,Guerra,Hugo Guerra,Hugo.Guerra@eu.contoso.com,900158,653 Henry Street,Highland Park,IL,60035,US,5554869434,ContosoEU
443549,Hillary,Ewing,Hillary Ewing,Hillary.Ewing@eu.contoso.com,443549,683 River Street,Opa Locka,FL,33054,US,5554002687,ContosoEU
178525,Louis,Lucero,Louis Lucero,Louis.Lucero@eu.contoso.com,178525,653 Henry Street,Highland Park,IL,60035,US,5555478039,ContosoEU
620422,Kylie,Morgan,Kylie Morgan,Kylie.Morgan@eu.contoso.com,620422,994 Fairview Avenue,Lexington,NC,27292,US,5559230426,ContosoEU
518193,Karly,Joseph,Karly Joseph,Karly.Joseph@eu.contoso.com,518193,34 Woodland Avenue,Henrico,VA,23228,US,5551952807,ContosoEU
381925,Skyler,Sparks,Skyler Sparks,Skyler.Sparks@eu.contoso.com,381925,222 Bay Street,Lorain,OH,44052,US,5555434469,ContosoEU
553027,Gage,Patrick,Gage Patrick,Gage.Patrick@eu.contoso.com,553027,316 Clinton Street,Gallatin,TN,37066,US,5555283244,ContosoEU
911380,Keenan,Vaughn,Keenan Vaughn,Keenan.Vaughn@eu.contoso.com,911380,683 River Street,Opa Locka,FL,33054,US,5558396114,ContosoEU
224503,Sawyer,Andersen,Sawyer Andersen,Sawyer.Andersen@eu.contoso.com,224503,64 Circle Drive,New Britain,CT,6051,US,5553303014,ContosoEU
756543,Brianna,Acevedo,Brianna Acevedo,Brianna.Acevedo@eu.contoso.com,756543,722 Academy Street,Wilkes Barre,PA,18702,US,5559862168,ContosoEU
833574,Jenny,Horne,Jenny Horne,Jenny.Horne@eu.contoso.com,833574,316 Clinton Street,Gallatin,TN,37066,US,5552258932,ContosoEU
666398,Cory,Davenport,Cory Davenport,Cory.Davenport@eu.contoso.com,666398,722 Academy Street,Wilkes Barre,PA,18702,US,5557114018,ContosoEU
991719,Carissa,Ellis,Carissa Ellis,Carissa.Ellis@eu.contoso.com,991719,222 Bay Street,Lorain,OH,44052,US,5553620674,ContosoEU
165750,Arjun,Campbell,Arjun Campbell,Arjun.Campbell@eu.contoso.com,165750,859 Riverside Drive,Deland,FL,32720,US,5552754979,ContosoEU
129980,Sophia,Olsen,Sophia Olsen,Sophia.Olsen@eu.contoso.com,129980,506 College Street,Flushing,NY,11354,US,5556262794,ContosoEU
253918,Antonio,Dougherty,Antonio Dougherty,Antonio.Dougherty@eu.contoso.com,253918,859 Riverside Drive,Deland,FL,32720,US,5552325820,ContosoEU
531111,Kiera,Bentley,Kiera Bentley,Kiera.Bentley@eu.contoso.com,531111,733 Church Street South,Revere,MA,2151,US,5558276825,ContosoEU
351068,Trevon,Rocha,Trevon Rocha,Trevon.Rocha@eu.contoso.com,351068,683 River Street,Opa Locka,FL,33054,US,5554205511,ContosoEU
495439,Cooper,Hensley,Cooper Hensley,Cooper.Hensley@eu.contoso.com,495439,211 Sycamore Lane,Hanover Park,IL,60133,US,5551623258,ContosoEU
238616,Sarahi,Rasmussen,Sarahi Rasmussen,Sarahi.Rasmussen@eu.contoso.com,238616,316 Clinton Street,Gallatin,TN,37066,US,5554929109,ContosoEU
695447,Juliana,Haley,Juliana Haley,Juliana.Haley@eu.contoso.com,695447,506 College Street,Flushing,NY,11354,US,5555297980,ContosoEU
403813,Makhi,Baker,Makhi Baker,Makhi.Baker@eu.contoso.com,403813,104 Canterbury Court,Pickerington,OH,43147,US,5555901561,ContosoEU
987915,Oswaldo,Mathews,Oswaldo Mathews,Oswaldo.Mathews@eu.contoso.com,987915,733 Church Street South,Revere,MA,2151,US,5551968418,ContosoEU
324772,Landin,Parker,Landin Parker,Landin.Parker@eu.contoso.com,324772,222 Bay Street,Lorain,OH,44052,US,5553217278,ContosoEU
582070,Denzel,Dillon,Denzel Dillon,Denzel.Dillon@eu.contoso.com,582070,211 Sycamore Lane,Hanover Park,IL,60133,US,5559743035,ContosoEU
635680,Dylan,Knight,Dylan Knight,Dylan.Knight@eu.contoso.com,635680,733 Church Street South,Revere,MA,2151,US,5554131909,ContosoEU
316509,Koen,Hardy,Koen Hardy,Koen.Hardy@eu.contoso.com,316509,683 River Street,Opa Locka,FL,33054,US,5559037667,ContosoEU
475186,Callie,Heath,Callie Heath,Callie.Heath@eu.contoso.com,475186,506 College Street,Flushing,NY,11354,US,5552321536,ContosoEU
227310,Chana,Logan,Chana Logan,Chana.Logan@eu.contoso.com,227310,501 Church Street North,Danville,VA,24540,US,5556840374,ContosoEU
280807,Jamie,Kerr,Jamie Kerr,Jamie.Kerr@eu.contoso.com,280807,553 B Street,Freehold,NJ,7728,US,5553568807,ContosoEU
728766,Rayna,Jenkins,Rayna Jenkins,Rayna.Jenkins@eu.contoso.com,728766,64 Circle Drive,New Britain,CT,6051,US,5558979445,ContosoEU
264838,Dominique,Meza,Dominique Meza,Dominique.Meza@eu.contoso.com,264838,112 Front Street,San Lorenzo,CA,94580,US,5555421300,ContosoEU
656600,Jadyn,White,Jadyn White,Jadyn.White@eu.contoso.com,656600,34 Woodland Avenue,Henrico,VA,23228,US,5553103134,ContosoEU
518929,Elsie,Thornton,Elsie Thornton,Elsie.Thornton@eu.contoso.com,518929,461 Orchard Street,Windsor Mill,MD,21244,US,5551030660,ContosoEU
765688,Jack,Cowan,Jack Cowan,Jack.Cowan@eu.contoso.com,765688,64 Circle Drive,New Britain,CT,6051,US,5553376143,ContosoEU
108749,Audrey,George,Audrey George,Audrey.George@eu.contoso.com,108749,683 River Street,Opa Locka,FL,33054,US,5554992563,ContosoEU
186799,Karli,Olson,Karli Olson,Karli.Olson@eu.contoso.com,186799,358 5th Street North,West Chester,PA,19380,US,5559457540,ContosoEU
385272,Sophie,Bender,Sophie Bender,Sophie.Bender@eu.contoso.com,385272,553 B Street,Freehold,NJ,7728,US,5553065676,ContosoEU
582702,Caylee,Berry,Caylee Berry,Caylee.Berry@eu.contoso.com,582702,112 Front Street,San Lorenzo,CA,94580,US,5556921907,ContosoEU
240485,Zoey,Mitchell,Zoey Mitchell,Zoey.Mitchell@eu.contoso.com,240485,211 Sycamore Lane,Hanover Park,IL,60133,US,5559729638,ContosoEU
100614,Terrence,Hanna,Terrence Hanna,Terrence.Hanna@eu.contoso.com,100614,506 College Street,Flushing,NY,11354,US,5554198351,ContosoEU
117376,Jacob,Gaines,Jacob Gaines,Jacob.Gaines@eu.contoso.com,117376,381 Lake Avenue,Ankeny,IA,50023,US,5558053125,ContosoEU
484028,Alice,Anderson,Alice Anderson,Alice.Anderson@eu.contoso.com,484028,222 Bay Street,Lorain,OH,44052,US,5556454407,ContosoEU
